file_id,entity_id,entity_type,raw_layer,length,bbox_x_min,bbox_y_min,bbox_x_max,bbox_y_max,bbox_width,bbox_height,aspect_ratio,center_x,center_y,start_x,start_y,end_x,end_y,radius,start_angle,end_angle,n_vertices,is_closed,text_content,is_geometric
2bhk_house_design_ground_floor_plan_op_1,2bhk_house_design_ground_floor_plan_op_1__0,LWPOLYLINE,Seal Title,2486.2047972946675,56840.26502214399,9322.201134682748,57354.81417952974,10050.75437594433,514.5491573857507,728.553241261583,0.7062615718993208,57097.53960083687,9686.47775531354,,,,,,,,4,True,,True
2bhk_house_design_ground_floor_plan_op_1,2bhk_house_design_ground_floor_plan_op_1__1,LWPOLYLINE,Seal Title,2536.3638852946788,56833.99513614399,9315.931248682746,57361.08406552974,10057.02426194433,527.0889293857545,741.0930132615849,0.7112318156475548,57097.53960083687,9686.47775531354,,,,,,,,4,True,,True
2bhk_house_design_ground_floor_plan_op_1,2bhk_house_design_ground_floor_plan_op_1__2,TEXT,TEXT-ASAAS-0025,,56853.918507844974,9378.867223896035,56943.38411230311,9387.235953847543,89.4656044581352,8.368729951507703,10.69046378321924,56898.65131007404,9383.05158887179,,,,,,,,,,GROUND FLOOR PLAN,False
2bhk_house_design_ground_floor_plan_op_1,2bhk_house_design_ground_floor_plan_op_1__3,TEXT,Seal Title,,56852.02772684859,9391.535760491492,56892.949289052696,9398.89357454869,40.92156220410834,7.357814057198993,5.561646690985631,56872.48850795064,9395.214667520091,,,,,,,,,,OPTION-1,False
2bhk_house_design_ground_floor_plan_op_1,2bhk_house_design_ground_floor_plan_op_1__4,LINE,WALLS GENERAL-ASAAS-0025-00-A,44.172827072681685,56894.59653806177,9454.950895977978,56938.76936513445,9454.95089597798,44.172827072681685,1.8189894035458565e-12,,56916.68295159811,9454.950895977978,56894.59653806177,9454.950895977978,56938.76936513445,9454.95089597798,,,,,,,True
2bhk_house_design_ground_floor_plan_op_1,2bhk_house_design_ground_floor_plan_op_1__5,LINE,WALLS GENERAL-ASAAS-0025-00-A,35.097766588034574,56998.76936513445,9454.95089597798,57033.86713172249,9454.95089597798,35.097766588034574,0.0,,57016.31824842847,9454.95089597798,56998.76936513445,9454.95089597798,57033.86713172249,9454.95089597798,,,,,,,True
2bhk_house_design_ground_floor_plan_op_1,2bhk_house_design_ground_floor_plan_op_1__6,LINE,WALLS GENERAL-ASAAS-0025-00-A,36.0,57069.86713172249,9454.95089597798,57105.86713172249,9454.95089597798,36.0,0.0,,57087.86713172249,9454.95089597798,57069.86713172249,9454.95089597798,57105.86713172249,9454.95089597798,,,,,,,True
2bhk_house_design_ground_floor_plan_op_1,2bhk_house_design_ground_floor_plan_op_1__7,LINE,WALLS GENERAL-ASAAS-0025-00-A,23.999999999992724,57182.46302582312,9454.950895977981,57206.46302582311,9454.950895977983,23.999999999992724,1.8189894035458565e-12,,57194.46302582312,9454.950895977981,57182.46302582312,9454.950895977983,57206.46302582311,9454.950895977981,,,,,,,True
2bhk_house_design_ground_floor_plan_op_1,2bhk_house_design_ground_floor_plan_op_1__8,LINE,PROJECTION-ASAAS-0025-00-A,96.01117977740796,57206.46302582312,9454.95089597798,57302.47420560053,9454.950895977983,96.01117977740796,3.637978807091713e-12,,57254.46861571183,9454.950895977981,57206.46302582312,9454.950895977983,57302.47420560053,9454.95089597798,,,,,,,True
2bhk_house_design_ground_floor_plan_op_1,2bhk_house_design_ground_floor_plan_op_1__9,LINE,WALLS GENERAL-ASAAS-0025-00-A,12.110107427142793,57302.47420560053,9454.950895977976,57314.58431302767,9454.95089597798,12.110107427142793,3.637978807091713e-12,,57308.5292593141,9454.950895977978,57302.47420560053,9454.95089597798,57314.58431302767,9454.950895977976,,,,,,,True
2bhk_house_design_ground_floor_plan_op_1,2bhk_house_design_ground_floor_plan_op_1__10,LINE,WALLS GENERAL-ASAAS-0025-00-A,9.00692712984979,57314.23113273038,9454.950895977976,57314.58431302767,9463.950895977978,0.35318029728659894,9.000000000001819,0.03924225525405862,57314.40772287903,9459.450895977978,57314.58431302767,9454.950895977976,57314.23113273038,9463.950895977978,,,,,,,True
2bhk_house_design_ground_floor_plan_op_1,2bhk_house_design_ground_floor_plan_op_1__11,LINE,Compound Wall-ASAAS-0025,210.35544246418357,57305.98265945693,9463.950895977976,57314.23113273038,9674.144556355637,8.248473273451964,210.19366037766122,0.03924225525466223,57310.10689609365,9569.047726166806,57314.23113273038,9463.950895977976,57305.98265945693,9674.144556355637,,,,,,,True
2bhk_house_design_ground_floor_plan_op_1,2bhk_house_design_ground_floor_plan_op_1__12,LINE,PROJECTION-ASAAS-0025-00-A,210.35544246418118,57296.97573232709,9463.950895977978,57305.22420560053,9674.144556355637,8.248473273437412,210.1936603776594,0.039242255254593336,57301.09996896381,9569.047726166807,57305.22420560053,9463.950895977978,57296.97573232709,9674.144556355637,,,,,,,True
2bhk_house_design_ground_floor_plan_op_1,2bhk_house_design_ground_floor_plan_op_1__13,LINE,Compound Wall-ASAAS-0025,210.35544246418385,57301.479195892,9463.950895977976,57309.72766916546,9674.144556355637,8.24847327345924,210.19366037766122,0.039242255254696844,57305.60343252873,9569.047726166806,57309.72766916546,9463.950895977976,57301.479195892,9674.144556355637,,,,,,,True
2bhk_house_design_ground_floor_plan_op_1,2bhk_house_design_ground_floor_plan_op_1__14,LINE,WALLS GENERAL-ASAAS-0025-00-A,326.63763040596837,57293.17452037126,9674.144556355637,57305.98265945692,10000.53097330706,12.808139085653238,326.3864169514236,0.03924225525463422,57299.57858991409,9837.337764831349,57305.98265945692,9674.144556355637,57293.17452037126,10000.53097330706,,,,,,,True
2bhk_house_design_ground_floor_plan_op_1,2bhk_house_design_ground_floor_plan_op_1__15,LINE,WALLS GENERAL-ASAAS-0025-00-A,80.6860227177071,57215.6315023607,9978.230421300079,57293.17452037126,10000.53097330706,77.54301801056135,22.30055200698189,3.4771793086684166,57254.40301136598,9989.38069730357,57293.17452037126,10000.53097330706,57215.6315023607,9978.230421300079,,,,,,,True
2bhk_house_design_ground_floor_plan_op_1,2bhk_house_design_ground_floor_plan_op_1__16,LINE,Compound Wall-ASAAS-0025,113.42135191203492,57106.6283114999,9946.88225625461,57215.6315023607,9978.230421300075,109.0031908607998,31.348165045465066,3.477179308667975,57161.129906930306,9962.556338777344,57215.6315023607,9978.230421300075,57106.6283114999,9946.88225625461,,,,,,,True
2bhk_house_design_ground_floor_plan_op_1,2bhk_house_design_ground_floor_plan_op_1__17,LINE,Compound Wall-ASAAS-0025,113.42135191203542,57106.6283114999,9940.639061848116,57215.6315023607,9971.987226893583,109.0031908607998,31.348165045466885,3.4771793086677736,57161.129906930306,9956.31314437085,57215.6315023607,9971.987226893583,57106.6283114999,9940.639061848116,,,,,,,True
2bhk_house_design_ground_floor_plan_op_1,2bhk_house_design_ground_floor_plan_op_1__18,LINE,WALLS GENERAL-ASAAS-0025-00-A,216.89262537027037,56898.1844176388,9886.935996554537,57106.6283114999,9946.88225625461,208.4438938611056,59.946259700072915,3.477179308667561,57002.40636456935,9916.909126404575,57106.6283114999,9946.88225625461,56898.1844176388,9886.935996554537,,,,,,,True
2bhk_house_design_ground_floor_plan_op_1,2bhk_house_design_ground_floor_plan_op_1__19,LINE,WALLS GENERAL-ASAAS-0025-00-A,149.7966065948989,56896.94031535753,9737.144556355637,56898.1844176388,9886.935996554537,1.244102281263622,149.7914401989001,0.00830556325255732,56897.56236649817,9812.040276455087,56898.1844176388,9886.935996554537,56896.94031535753,9737.144556355637,,,,,,,True
2bhk_house_design_ground_floor_plan_op_1,2bhk_house_design_ground_floor_plan_op_1__20,LINE,Compound Wall-ASAAS-0025,63.2528465157096,56896.34023841254,9673.894556355637,56896.94031535753,9737.144556355637,0.6000769449965446,63.25,0.009487382529589639,56896.64027688504,9705.519556355637,56896.94031535753,9737.144556355637,56896.34023841254,9673.894556355637,,,,,,,True
2bhk_house_design_ground_floor_plan_op_1,2bhk_house_design_ground_floor_plan_op_1__21,LINE,Compound Wall-ASAAS-0025,63.20301317101699,56902.34044535612,9673.894556355637,56902.9401084211,9737.094724694845,0.5996630649751751,63.200168339208176,0.009488314362655828,56902.64027688861,9705.494640525241,56902.9401084211,9737.094724694845,56902.34044535612,9673.894556355637,,,,,,,True
2bhk_house_design_ground_floor_plan_op_1,2bhk_house_design_ground_floor_plan_op_1__22,LINE,WALLS GENERAL-ASAAS-0025-00-A,52.50115889120908,56901.94177831998,9612.39455635564,56902.29061197659,9664.89455635564,0.3488336566078942,52.5,0.0066444506020551285,56902.116195148286,9638.64455635564,56902.29061197659,9664.89455635564,56901.94177831998,9612.39455635564,,,,,,,True
2bhk_house_design_ground_floor_plan_op_1,2bhk_house_design_ground_floor_plan_op_1__23,LINE,WALLS GENERAL-ASAAS-0025-00-A,218.95060381392219,56894.59653806177,9454.950895977978,56896.34023841254,9673.894556355637,1.743700350765721,218.9436603776594,0.00796415090420058,56895.468388237154,9564.422726166807,56896.34023841254,9673.894556355637,56894.59653806177,9454.950895977978,,,,,,,True
2bhk_house_design_ground_floor_plan_op_1,2bhk_house_design_ground_floor_plan_op_1__24,LINE,WALLS GENERAL-ASAAS-0025-00-A,35.09776658804185,56903.67159854641,9463.950895977976,56938.76936513445,9463.950895977978,35.09776658804185,1.8189894035458565e-12,,56921.22048184043,9463.950895977978,56903.67159854641,9463.950895977976,56938.76936513445,9463.950895977978,,,,,,,True
2bhk_house_design_ground_floor_plan_op_1,2bhk_house_design_ground_floor_plan_op_1__25,LINE,WALLS GENERAL-ASAAS-0025-00-A,35.097766588034574,56998.76936513445,9463.950895977978,57033.86713172249,9463.950895977978,35.097766588034574,0.0,,57016.31824842847,9463.950895977978,56998.76936513445,9463.950895977978,57033.86713172249,9463.950895977978,,,,,,,True
2bhk_house_design_ground_floor_plan_op_1,2bhk_house_design_ground_floor_plan_op_1__26,LINE,WALLS GENERAL-ASAAS-0025-00-A,3.0,57069.8671317225,9463.950895977976,57072.8671317225,9463.950895977976,3.0,0.0,,57071.3671317225,9463.950895977976,57069.8671317225,9463.950895977976,57072.8671317225,9463.950895977976,,,,,,,True
2bhk_house_design_ground_floor_plan_op_1,2bhk_house_design_ground_floor_plan_op_1__27,LINE,WALLS GENERAL-ASAAS-0025-00-A,24.0,57081.86713172249,9463.950895977974,57105.86713172249,9463.950895977974,24.0,0.0,,57093.86713172249,9463.950895977974,57081.86713172249,9463.950895977974,57105.86713172249,9463.950895977974,,,,,,,True
2bhk_house_design_ground_floor_plan_op_1,2bhk_house_design_ground_floor_plan_op_1__28,LINE,WALLS GENERAL-ASAAS-0025-00-A,23.999999999992724,57182.46302582313,9463.95089597798,57206.46302582312,9463.95089597798,23.999999999992724,0.0,,57194.46302582312,9463.95089597798,57182.46302582313,9463.95089597798,57206.46302582312,9463.95089597798,,,,,,,True
2bhk_house_design_ground_floor_plan_op_1,2bhk_house_design_ground_floor_plan_op_1__29,LINE,PROJECTION-ASAAS-0025-00-A,96.01117977740796,57206.46302582312,9463.950895977978,57302.47420560053,9463.95089597798,96.01117977740796,1.8189894035458565e-12,,57254.46861571183,9463.950895977978,57206.46302582312,9463.95089597798,57302.47420560053,9463.950895977978,,,,,,,True
2bhk_house_design_ground_floor_plan_op_1,2bhk_house_design_ground_floor_plan_op_1__30,LINE,WALLS GENERAL-ASAAS-0025-00-A,11.756927129856194,57302.47420560053,9463.950895977978,57314.23113273038,9463.950895977978,11.756927129856194,0.0,,57308.352669165455,9463.950895977978,57302.47420560053,9463.950895977978,57314.23113273038,9463.950895977978,,,,,,,True
2bhk_house_design_ground_floor_plan_op_1,2bhk_house_design_ground_floor_plan_op_1__31,LINE,STAIRS-ASAAS-0025-00-A,55.0,57126.86713172249,9508.950895977976,57181.86713172249,9508.950895977976,55.0,0.0,,57154.36713172249,9508.950895977976,57181.86713172249,9508.950895977976,57126.86713172249,9508.950895977976,,,,,,,True
2bhk_house_design_ground_floor_plan_op_1,2bhk_house_design_ground_floor_plan_op_1__32,LINE,WALLS GENERAL-ASAAS-0025-00-A,54.04156277909137,57294.81740828806,9683.144556355635,57296.93649007182,9737.144556355637,2.1190817837632494,54.00000000000182,0.03924225525487367,57295.87694917994,9710.144556355637,57296.93649007182,9683.144556355635,57294.81740828806,9737.144556355637,,,,,,,True
2bhk_house_design_ground_floor_plan_op_1,2bhk_house_design_ground_floor_plan_op_1__33,LINE,WALLS GENERAL-ASAAS-0025-00-A,144.11083407757167,57288.49940519207,9746.144556355635,57294.15028994872,9890.144556355637,5.650884756643791,144.00000000000182,0.039242255254470275,57291.324847570395,9818.144556355637,57294.15028994872,9746.144556355635,57288.49940519207,9890.144556355637,,,,,,,True
2bhk_house_design_ground_floor_plan_op_1,2bhk_house_design_ground_floor_plan_op_1__34,LINE,WALLS GENERAL-ASAAS-0025-00-A,89.63367998928562,57284.6315023607,9899.144556355637,57288.14622489477,9988.709300054987,3.5147225340697332,89.56474369934949,0.039242255254678525,57286.38886362774,9943.926928205312,57288.14622489477,9899.144556355637,57284.6315023607,9988.709300054987,,,,,,,True
2bhk_house_design_ground_floor_plan_op_1,2bhk_house_design_ground_floor_plan_op_1__35,LINE,WALLS GENERAL-ASAAS-0025-00-A,62.43194406496878,57224.63150236068,9971.4539345205,57284.6315023607,9988.709300054987,60.00000000002183,17.255365534487282,3.4771793086679827,57254.63150236069,9980.081617287742,57284.6315023607,9988.709300054987,57224.63150236068,9971.4539345205,,,,,,,True
2bhk_house_design_ground_floor_plan_op_1,2bhk_house_design_ground_floor_plan_op_1__36,LINE,WALLS GENERAL-ASAAS-0025-00-A,198.22142240621238,56907.1283114999,9880.143374242709,57097.62831149991,9934.929159814692,190.50000000000728,54.78578557198307,3.4771793086677425,57002.37831149991,9907.5362670287,57097.62831149991,9934.929159814692,56907.1283114999,9880.143374242709,,,,,,,True
2bhk_house_design_ground_floor_plan_op_1,2bhk_house_design_ground_floor_plan_op_1__37,LINE,WALLS GENERAL-ASAAS-0025-00-A,134.00343958611978,56906.01537584217,9746.144556355637,56907.1283114999,9880.143374242709,1.1129356577293947,133.9988178870717,0.008305563252560391,56906.57184367104,9813.143965299172,56907.1283114999,9880.143374242709,56906.01537584217,9746.144556355637,,,,,,,True
2bhk_house_design_ground_floor_plan_op_1,2bhk_house_design_ground_floor_plan_op_1__38,LINE,WALLS GENERAL-ASAAS-0025-00-A,143.94862508025068,56903.67159854641,9463.950895977976,56904.86713172249,9607.894556355637,1.1955331760764238,143.94366037766122,0.008305563252592957,56904.269365134445,9535.922726166806,56904.86713172249,9607.894556355637,56903.67159854641,9463.950895977976,,,,,,,True
2bhk_house_design_ground_floor_plan_op_1,2bhk_house_design_ground_floor_plan_op_1__39,LINE,WALLS GENERAL-ASAAS-0025-00-A,2.7846034590620548,57097.6283114999,9932.14455635563,57097.62831149992,9934.929159814692,1.4551915228366852e-11,2.7846034590620548,5.2258482912566705e-12,57097.62831149991,9933.536858085161,57097.6283114999,9934.929159814692,57097.62831149992,9932.14455635563,,,,,,,True
2bhk_house_design_ground_floor_plan_op_1,2bhk_house_design_ground_floor_plan_op_1__40,LINE,WALLS GENERAL-ASAAS-0025-00-A,162.00000000000364,57097.6283114999,9737.144556355637,57097.6283114999,9899.14455635564,0.0,162.00000000000364,0.0,57097.6283114999,9818.144556355639,57097.6283114999,9899.14455635564,57097.6283114999,9737.144556355637,,,,,,,True
2bhk_house_design_ground_floor_plan_op_1,2bhk_house_design_ground_floor_plan_op_1__41,LINE,WALLS GENERAL-ASAAS-0025-00-A,4.0,57043.6283114999,9733.144556355637,57043.6283114999,9737.144556355637,0.0,4.0,0.0,57043.6283114999,9735.144556355637,57043.6283114999,9737.144556355637,57043.6283114999,9733.144556355637,,,,,,,True
2bhk_house_design_ground_floor_plan_op_1,2bhk_house_design_ground_floor_plan_op_1__42,LINE,WALLS GENERAL-ASAAS-0025-00-A,80.24999999999818,57043.6283114999,9616.894556355637,57043.62831149991,9697.144556355635,7.275957614183426e-12,80.24999999999818,9.066613849449957e-14,57043.62831149991,9657.019556355637,57043.6283114999,9697.144556355635,57043.62831149991,9616.894556355637,,,,,,,True
2bhk_house_design_ground_floor_plan_op_1,2bhk_house_design_ground_floor_plan_op_1__43,LINE,WALLS GENERAL-ASAAS-0025-00-A,4.5,57043.6283114999,9603.394556355637,57043.62831149991,9607.894556355637,7.275957614183426e-12,4.5,1.616879469818539e-12,57043.62831149991,9605.644556355637,57043.6283114999,9607.894556355637,57043.62831149991,9603.394556355637,,,,,,,True
2bhk_house_design_ground_floor_plan_op_1,2bhk_house_design_ground_floor_plan_op_1__44,LINE,WALLS GENERAL-ASAAS-0025-00-A,13.443660377664855,57043.62831149992,9553.950895977972,57043.62831149992,9567.394556355637,0.0,13.443660377664855,0.0,57043.62831149992,9560.672726166806,57043.62831149992,9567.394556355637,57043.62831149992,9553.950895977972,,,,,,,True
2bhk_house_design_ground_floor_plan_op_1,2bhk_house_design_ground_floor_plan_op_1__45,LINE,WALLS GENERAL-ASAAS-0025-00-A,4.443660377664855,57052.62831149992,9562.950895977972,57052.62831149992,9567.394556355637,0.0,4.443660377664855,0.0,57052.62831149992,9565.172726166806,57052.62831149992,9567.394556355637,57052.62831149992,9562.950895977972,,,,,,,True
2bhk_house_design_ground_floor_plan_op_1,2bhk_house_design_ground_floor_plan_op_1__46,LINE,WALLS GENERAL-ASAAS-0025-00-A,89.99999999999818,57072.86713172249,9463.950895977976,57072.86713172249,9553.950895977974,0.0,89.99999999999818,0.0,57072.86713172249,9508.950895977974,57072.86713172249,9553.950895977974,57072.86713172249,9463.950895977976,,,,,,,True
2bhk_house_design_ground_floor_plan_op_1,2bhk_house_design_ground_floor_plan_op_1__47,LINE,WALLS GENERAL-ASAAS-0025-00-A,8.999999999996362,57069.86713172249,9454.950895977981,57069.8671317225,9463.950895977978,1.4551915228366852e-11,8.999999999996362,1.6168794698191927e-12,57069.867131722494,9459.45089597798,57069.8671317225,9463.950895977978,57069.86713172249,9454.950895977981,,,,,,,True
2bhk_house_design_ground_floor_plan_op_1,2bhk_house_design_ground_floor_plan_op_1__48,LINE,WALLS GENERAL-ASAAS-0025-00-A,8.999999999998181,57033.86713172249,9454.95089597798,57033.86713172249,9463.950895977978,0.0,8.999999999998181,0.0,57033.86713172249,9459.450895977978,57033.86713172249,9463.950895977978,57033.86713172249,9454.95089597798,,,,,,,True
2bhk_house_design_ground_floor_plan_op_1,2bhk_house_design_ground_floor_plan_op_1__49,LINE,WALLS GENERAL-ASAAS-0025-00-A,14.737699898978462,57106.6283114999,9932.144556355632,57106.62831149992,9946.88225625461,1.4551915228366852e-11,14.737699898978462,9.873939168333528e-13,57106.62831149991,9939.513406305121,57106.6283114999,9946.88225625461,57106.62831149992,9932.144556355632,,,,,,,True
2bhk_house_design_ground_floor_plan_op_1,2bhk_house_design_ground_floor_plan_op_1__50,LINE,PROJECTION-ASAAS-0025-00-A,30.639846112766463,57130.62831149992,9923.144556355637,57130.62831149992,9953.784402468404,0.0,30.639846112766463,0.0,57130.62831149992,9938.464479412021,57130.62831149992,9953.784402468404,57130.62831149992,9923.144556355637,,,,,,,True
2bhk_house_design_ground_floor_plan_op_1,2bhk_house_design_ground_floor_plan_op_1__51,LINE,WALLS GENERAL-ASAAS-0025-00-A,144.0,57106.6283114999,9746.144556355637,57106.6283114999,9890.144556355637,0.0,144.0,0.0,57106.6283114999,9818.144556355637,57106.6283114999,9890.144556355637,57106.6283114999,9746.144556355637,,,,,,,True
2bhk_house_design_ground_floor_plan_op_1,2bhk_house_design_ground_floor_plan_op_1__52,LINE,WALLS GENERAL-ASAAS-0025-00-A,9.0,57111.1283114999,9737.144556355637,57111.12831149991,9746.144556355637,7.275957614183426e-12,9.0,8.084397349092695e-13,57111.12831149991,9741.644556355637,57111.12831149991,9746.144556355637,57111.1283114999,9737.144556355637,,,,,,,True
2bhk_house_design_ground_floor_plan_op_1,2bhk_house_design_ground_floor_plan_op_1__53,LINE,WALLS GENERAL-ASAAS-0025-00-A,9.0,57156.1283114999,9737.144556355637,57156.1283114999,9746.144556355637,0.0,9.0,0.0,57156.1283114999,9741.644556355637,57156.1283114999,9746.144556355637,57156.1283114999,9737.144556355637,,,,,,,True
2bhk_house_design_ground_floor_plan_op_1,2bhk_house_design_ground_floor_plan_op_1__54,LINE,WALLS GENERAL-ASAAS-0025-00-A,13.0,57052.62831149988,9733.144556355637,57052.62831149989,9746.144556355637,7.275957614183426e-12,13.0,5.596890472448789e-13,57052.62831149988,9739.644556355637,57052.62831149989,9746.144556355637,57052.62831149988,9733.144556355637,,,,,,,True
2bhk_house_design_ground_floor_plan_op_1,2bhk_house_design_ground_floor_plan_op_1__55,LINE,WALLS GENERAL-ASAAS-0025-00-A,93.74999999999818,57052.6283114999,9603.394556355637,57052.62831149991,9697.144556355635,7.275957614183426e-12,93.74999999999818,7.761021455129139e-14,57052.62831149991,9650.269556355637,57052.6283114999,9697.144556355635,57052.62831149991,9603.394556355637,,,,,,,True
2bhk_house_design_ground_floor_plan_op_1,2bhk_house_design_ground_floor_plan_op_1__56,LINE,WALLS GENERAL-ASAAS-0025-00-A,3.0,57196.6283114999,9734.144556355637,57196.6283114999,9737.144556355637,0.0,3.0,0.0,57196.6283114999,9735.644556355637,57196.6283114999,9737.144556355637,57196.6283114999,9734.144556355637,,,,,,,True
2bhk_house_design_ground_floor_plan_op_1,2bhk_house_design_ground_floor_plan_op_1__57,LINE,WALLS GENERAL-ASAAS-0025-00-A,33.00000000000182,57196.6283114999,9671.144556355635,57196.6283114999,9704.144556355637,0.0,33.00000000000182,0.0,57196.6283114999,9687.644556355637,57196.6283114999,9704.144556355637,57196.6283114999,9671.144556355635,,,,,,,True
2bhk_house_design_ground_floor_plan_op_1,2bhk_house_design_ground_floor_plan_op_1__58,LINE,WINDOW-ASAAS-0025-00-A,48.193660377664855,57196.6283114999,9562.950895977972,57196.6283114999,9611.144556355637,0.0,48.193660377664855,0.0,57196.6283114999,9587.047726166806,57196.6283114999,9611.144556355637,57196.6283114999,9562.950895977972,,,,,,,True
2bhk_house_design_ground_floor_plan_op_1,2bhk_house_design_ground_floor_plan_op_1__59,LINE,WINDOW-ASAAS-0025-00-A,48.193660377664855,57200.3283114999,9562.950895977972,57200.3283114999,9611.144556355637,0.0,48.193660377664855,0.0,57200.3283114999,9587.047726166806,57200.3283114999,9611.144556355637,57200.3283114999,9562.950895977972,,,,,,,True
2bhk_house_design_ground_floor_plan_op_1,2bhk_house_design_ground_floor_plan_op_1__60,LINE,WALLS GENERAL-ASAAS-0025-00-A,3.000000000001819,57205.62831149989,9734.144556355635,57205.6283114999,9737.144556355637,1.4551915228366852e-11,3.000000000001819,4.850638409452676e-12,57205.628311499895,9735.644556355637,57205.6283114999,9737.144556355637,57205.62831149989,9734.144556355635,,,,,,,True
2bhk_house_design_ground_floor_plan_op_1,2bhk_house_design_ground_floor_plan_op_1__61,LINE,WALLS GENERAL-ASAAS-0025-00-A,21.00000000000182,57205.62831149989,9683.144556355635,57205.6283114999,9704.144556355637,1.4551915228366852e-11,21.00000000000182,6.929483442078853e-13,57205.628311499895,9693.644556355637,57205.62831149989,9704.144556355637,57205.6283114999,9683.144556355635,,,,,,,True
2bhk_house_design_ground_floor_plan_op_1,2bhk_house_design_ground_floor_plan_op_1__62,LINE,WALLS GENERAL-ASAAS-0025-00-A,3.000000000003638,57205.6283114999,9671.144556355634,57205.62831149991,9674.144556355637,7.275957614183426e-12,3.000000000003638,2.4253192047248677e-12,57205.62831149991,9672.644556355635,57205.6283114999,9674.144556355637,57205.62831149991,9671.144556355634,,,,,,,True
2bhk_house_design_ground_floor_plan_op_1,2bhk_house_design_ground_floor_plan_op_1__63,LINE,WINDOW-ASAAS-0025-00-A,48.193660377664855,57205.6283114999,9562.950895977972,57205.6283114999,9611.144556355637,0.0,48.193660377664855,0.0,57205.6283114999,9587.047726166806,57205.6283114999,9611.144556355637,57205.6283114999,9562.950895977972,,,,,,,True
2bhk_house_design_ground_floor_plan_op_1,2bhk_house_design_ground_floor_plan_op_1__64,LINE,WINDOW-ASAAS-0025-00-A,48.193660377664855,57201.92831149991,9562.950895977972,57201.92831149991,9611.144556355637,0.0,48.193660377664855,0.0,57201.92831149991,9587.047726166806,57201.92831149991,9611.144556355637,57201.92831149991,9562.950895977972,,,,,,,True
2bhk_house_design_ground_floor_plan_op_1,2bhk_house_design_ground_floor_plan_op_1__65,LINE,WALLS GENERAL-ASAAS-0025-00-A,9.000000000003638,57205.62831149991,9553.95089597797,57205.62831149991,9562.950895977974,0.0,9.000000000003638,0.0,57205.62831149991,9558.450895977972,57205.62831149991,9562.950895977974,57205.62831149991,9553.95089597797,,,,,,,True
2bhk_house_design_ground_floor_plan_op_1,2bhk_house_design_ground_floor_plan_op_1__66,LINE,WALLS GENERAL-ASAAS-0025-00-A,89.99999999999454,57081.86713172249,9463.950895977978,57081.86713172249,9553.950895977972,0.0,89.99999999999454,0.0,57081.86713172249,9508.950895977974,57081.86713172249,9553.950895977972,57081.86713172249,9463.950895977978,,,,,,,True
2bhk_house_design_ground_floor_plan_op_1,2bhk_house_design_ground_floor_plan_op_1__67,LINE,WALLS GENERAL-ASAAS-0025-00-A,8.999999999994543,57105.86713172249,9454.95089597798,57105.86713172249,9463.950895977974,0.0,8.999999999994543,0.0,57105.86713172249,9459.450895977978,57105.86713172249,9463.950895977974,57105.86713172249,9454.95089597798,,,,,,,True
2bhk_house_design_ground_floor_plan_op_1,2bhk_house_design_ground_floor_plan_op_1__68,LINE,WALLS GENERAL-ASAAS-0025-00-A,13.913403552040108,57097.62831149992,9899.144556355637,57111.54171505196,9899.144556355637,13.913403552040108,0.0,,57104.58501327594,9899.144556355637,57097.62831149992,9899.144556355637,57111.54171505196,9899.144556355637,,,,,,,True
2bhk_house_design_ground_floor_plan_op_1,2bhk_house_design_ground_floor_plan_op_1__69,LINE,WALLS GENERAL-ASAAS-0025-00-A,5.089787308745144,57210.54171505196,9899.144556355637,57215.6315023607,9899.144556355637,5.089787308745144,0.0,,57213.08660870633,9899.144556355637,57210.54171505196,9899.144556355637,57215.6315023607,9899.144556355637,,,,,,,True
2bhk_house_design_ground_floor_plan_op_1,2bhk_house_design_ground_floor_plan_op_1__70,LINE,WALLS GENERAL-ASAAS-0025-00-A,30.514722534069733,57224.6315023607,9899.144556355637,57255.14622489477,9899.144556355637,30.514722534069733,0.0,,57239.88886362774,9899.144556355637,57224.6315023607,9899.144556355637,57255.14622489477,9899.144556355637,,,,,,,True
2bhk_house_design_ground_floor_plan_op_1,2bhk_house_design_ground_floor_plan_op_1__71,LINE,WALLS GENERAL-ASAAS-0025-00-A,3.000000000014552,57285.14622489476,9899.144556355637,57288.14622489477,9899.144556355637,3.000000000014552,0.0,,57286.646224894765,9899.144556355637,57285.14622489476,9899.144556355637,57288.14622489477,9899.144556355637,,,,,,,True
2bhk_house_design_ground_floor_plan_op_1,2bhk_house_design_ground_floor_plan_op_1__72,LINE,WALLS GENERAL-ASAAS-0025-00-A,4.91340355205466,57106.6283114999,9890.144556355637,57111.54171505196,9890.144556355637,4.91340355205466,0.0,,57109.08501327593,9890.144556355637,57106.6283114999,9890.144556355637,57111.54171505196,9890.144556355637,,,,,,,True
2bhk_house_design_ground_floor_plan_op_1,2bhk_house_design_ground_floor_plan_op_1__73,LINE,WALLS GENERAL-ASAAS-0025-00-A,44.604509842785774,57210.54171505197,9890.144556355637,57255.14622489476,9890.144556355637,44.604509842785774,0.0,,57232.843969973364,9890.144556355637,57210.54171505197,9890.144556355637,57255.14622489476,9890.144556355637,,,,,,,True
2bhk_house_design_ground_floor_plan_op_1,2bhk_house_design_ground_floor_plan_op_1__74,LINE,WALLS GENERAL-ASAAS-0025-00-A,3.3531802973157028,57285.14622489476,9890.144556355637,57288.49940519207,9890.144556355637,3.3531802973157028,0.0,,57286.822815043415,9890.144556355637,57285.14622489476,9890.144556355637,57288.49940519207,9890.144556355637,,,,,,,True
2bhk_house_design_ground_floor_plan_op_1,2bhk_house_design_ground_floor_plan_op_1__75,LINE,WALLS GENERAL-ASAAS-0025-00-A,30.931175862009695,57215.6315023607,9947.29924543807,57215.6315023607,9978.230421300079,0.0,30.931175862009695,0.0,57215.6315023607,9962.764833369074,57215.6315023607,9978.230421300079,57215.6315023607,9947.29924543807,,,,,,,True
2bhk_house_design_ground_floor_plan_op_1,2bhk_house_design_ground_floor_plan_op_1__76,LINE,WALLS GENERAL-ASAAS-0025-00-A,24.154689082435652,57215.6315023607,9899.144556355637,57215.6315023607,9923.299245438073,0.0,24.154689082435652,0.0,57215.6315023607,9911.221900896855,57215.6315023607,9923.299245438073,57215.6315023607,9899.144556355637,,,,,,,True
2bhk_house_design_ground_floor_plan_op_1,2bhk_house_design_ground_floor_plan_op_1__77,LINE,WALLS GENERAL-ASAAS-0025-00-A,24.154689082428376,57224.63150236069,9947.299245438073,57224.63150236069,9971.453934520501,0.0,24.154689082428376,0.0,57224.63150236069,9959.376589979287,57224.63150236069,9971.453934520501,57224.63150236069,9947.299245438073,,,,,,,True
2bhk_house_design_ground_floor_plan_op_1,2bhk_house_design_ground_floor_plan_op_1__78,LINE,WALLS GENERAL-ASAAS-0025-00-A,24.154689082432014,57224.63150236069,9899.144556355637,57224.6315023607,9923.29924543807,1.4551915228366852e-11,24.154689082432014,6.024468035463404e-13,57224.631502360695,9911.221900896853,57224.63150236069,9923.29924543807,57224.6315023607,9899.144556355637,,,,,,,True
2bhk_house_design_ground_floor_plan_op_1,2bhk_house_design_ground_floor_plan_op_1__79,LINE,WALLS GENERAL-ASAAS-0025-00-A,3.0,56906.01537584217,9746.144556355637,56909.01537584217,9746.144556355637,3.0,0.0,,56907.51537584217,9746.144556355637,56906.01537584217,9746.144556355637,56909.01537584217,9746.144556355637,,,,,,,True
2bhk_house_design_ground_floor_plan_op_1,2bhk_house_design_ground_floor_plan_op_1__80,LINE,WALLS GENERAL-ASAAS-0025-00-A,107.61293565770757,56945.01537584217,9746.144556355637,57052.62831149988,9746.144556355637,107.61293565770757,0.0,,56998.82184367103,9746.144556355637,56945.01537584217,9746.144556355637,57052.62831149988,9746.144556355637,,,,,,,True
2bhk_house_design_ground_floor_plan_op_1,2bhk_house_design_ground_floor_plan_op_1__81,LINE,WALLS GENERAL-ASAAS-0025-00-A,20.186533179919934,56901.94177831998,9612.39455635564,56922.1283114999,9612.39455635564,20.186533179919934,0.0,,56912.03504490994,9612.39455635564,56901.94177831998,9612.39455635564,56922.1283114999,9612.39455635564,,,,,,,True
2bhk_house_design_ground_floor_plan_op_1,2bhk_house_design_ground_floor_plan_op_1__82,LINE,WALLS GENERAL-ASAAS-0025-00-A,14.418849761670572,56902.29061197659,9664.894556355637,56916.70946173826,9664.89455635564,14.418849761670572,3.637978807091713e-12,,56909.500036857426,9664.894556355639,56902.29061197659,9664.89455635564,56916.70946173826,9664.894556355637,,,,,,,True
2bhk_house_design_ground_floor_plan_op_1,2bhk_house_design_ground_floor_plan_op_1__83,LINE,WALLS GENERAL-ASAAS-0025-00-A,14.418849761648744,56934.70946173826,9664.894556355637,56949.12831149991,9664.894556355637,14.418849761648744,0.0,,56941.91888661908,9664.894556355637,56934.70946173826,9664.894556355637,56949.12831149991,9664.894556355637,,,,,,,True
2bhk_house_design_ground_floor_plan_op_1,2bhk_house_design_ground_floor_plan_op_1__84,LINE,WALLS GENERAL-ASAAS-0025-00-A,20.36922332571703,56896.34023841254,9673.894556355637,56916.70946173825,9673.894556355637,20.36922332571703,0.0,,56906.524850075395,9673.894556355637,56896.34023841254,9673.894556355637,56916.70946173825,9673.894556355637,,,,,,,True
2bhk_house_design_ground_floor_plan_op_1,2bhk_house_design_ground_floor_plan_op_1__85,LINE,WALLS GENERAL-ASAAS-0025-00-A,14.418849761663296,56934.70946173825,9673.894556355637,56949.12831149992,9673.894556355637,14.418849761663296,0.0,,56941.91888661908,9673.894556355637,56934.70946173825,9673.894556355637,56949.12831149992,9673.894556355637,,,,,,,True
2bhk_house_design_ground_floor_plan_op_1,2bhk_house_design_ground_floor_plan_op_1__86,LINE,WALLS GENERAL-ASAAS-0025-00-A,90.00000000000728,56953.6283114999,9616.894556355637,57043.62831149991,9616.894556355637,90.00000000000728,0.0,,56998.62831149991,9616.894556355637,56953.6283114999,9616.894556355637,57043.62831149991,9616.894556355637,,,,,,,True
2bhk_house_design_ground_floor_plan_op_1,2bhk_house_design_ground_floor_plan_op_1__87,LINE,Compound Wall-ASAAS-0025,66.0,56977.62831149991,9640.894556355637,57043.62831149991,9640.894556355637,66.0,0.0,,57010.62831149991,9640.894556355637,56977.62831149991,9640.894556355637,57043.62831149991,9640.894556355637,,,,,,,True
2bhk_house_design_ground_floor_plan_op_1,2bhk_house_design_ground_floor_plan_op_1__88,LINE,WALLS GENERAL-ASAAS-0025-00-A,4.500000000007276,57106.6283114999,9746.144556355637,57111.12831149991,9746.144556355637,4.500000000007276,0.0,,57108.87831149991,9746.144556355637,57106.6283114999,9746.144556355637,57111.12831149991,9746.144556355637,,,,,,,True
2bhk_house_design_ground_floor_plan_op_1,2bhk_house_design_ground_floor_plan_op_1__89,LINE,WALLS GENERAL-ASAAS-0025-00-A,138.02197844881448,57156.1283114999,9746.144556355635,57294.15028994872,9746.144556355637,138.02197844881448,1.8189894035458565e-12,,57225.13930072431,9746.144556355637,57156.1283114999,9746.144556355637,57294.15028994872,9746.144556355635,,,,,,,True
2bhk_house_design_ground_floor_plan_op_1,2bhk_house_design_ground_floor_plan_op_1__90,LINE,WALLS GENERAL-ASAAS-0025-00-A,12.075060484639835,56896.94031535753,9737.144556355637,56909.01537584217,9737.144556355637,12.075060484639835,0.0,,56902.97784559985,9737.144556355637,56896.94031535753,9737.144556355637,56909.01537584217,9737.144556355637,,,,,,,True
2bhk_house_design_ground_floor_plan_op_1,2bhk_house_design_ground_floor_plan_op_1__91,LINE,WALLS GENERAL-ASAAS-0025-00-A,4.112935657743947,56945.01537584217,9737.144556355637,56949.12831149992,9737.144556355637,4.112935657743947,0.0,,56947.071843671045,9737.144556355637,56945.01537584217,9737.144556355637,56949.12831149992,9737.144556355637,,,,,,,True
2bhk_house_design_ground_floor_plan_op_1,2bhk_house_design_ground_floor_plan_op_1__92,LINE,WALLS GENERAL-ASAAS-0025-00-A,90.00000000001455,56953.62831149989,9737.144556355637,57043.6283114999,9737.144556355637,90.00000000001455,0.0,,56998.628311499895,9737.144556355637,56953.62831149989,9737.144556355637,57043.6283114999,9737.144556355637,,,,,,,True
2bhk_house_design_ground_floor_plan_op_1,2bhk_house_design_ground_floor_plan_op_1__93,LINE,WALLS GENERAL-ASAAS-0025-00-A,8.999999999985448,57043.6283114999,9733.144556355637,57052.62831149989,9733.144556355637,8.999999999985448,0.0,,57048.128311499895,9733.144556355637,57043.6283114999,9733.144556355637,57052.62831149989,9733.144556355637,,,,,,,True
2bhk_house_design_ground_floor_plan_op_1,2bhk_house_design_ground_floor_plan_op_1__94,LINE,WALLS GENERAL-ASAAS-0025-00-A,8.999999999978172,57043.62831149991,9697.144556355637,57052.62831149989,9697.144556355637,8.999999999978172,0.0,,57048.128311499895,9697.144556355637,57043.62831149991,9697.144556355637,57052.62831149989,9697.144556355637,,,,,,,True
2bhk_house_design_ground_floor_plan_op_1,2bhk_house_design_ground_floor_plan_op_1__95,LINE,WALLS GENERAL-ASAAS-0025-00-A,13.5,57097.6283114999,9737.144556355637,57111.1283114999,9737.144556355637,13.5,0.0,,57104.3783114999,9737.144556355637,57097.6283114999,9737.144556355637,57111.1283114999,9737.144556355637,,,,,,,True
2bhk_house_design_ground_floor_plan_op_1,2bhk_house_design_ground_floor_plan_op_1__96,LINE,WALLS GENERAL-ASAAS-0025-00-A,40.5,57156.1283114999,9737.144556355637,57196.6283114999,9737.144556355637,40.5,0.0,,57176.3783114999,9737.144556355637,57156.1283114999,9737.144556355637,57196.6283114999,9737.144556355637,,,,,,,True
2bhk_house_design_ground_floor_plan_op_1,2bhk_house_design_ground_floor_plan_op_1__97,LINE,WALLS GENERAL-ASAAS-0025-00-A,8.999999999992724,57196.62831149991,9734.144556355637,57205.6283114999,9734.144556355637,8.999999999992724,0.0,,57201.12831149991,9734.144556355637,57196.62831149991,9734.144556355637,57205.6283114999,9734.144556355637,,,,,,,True
2bhk_house_design_ground_floor_plan_op_1,2bhk_house_design_ground_floor_plan_op_1__98,LINE,WALLS GENERAL-ASAAS-0025-00-A,9.0,57196.6283114999,9704.144556355637,57205.6283114999,9704.144556355637,9.0,0.0,,57201.1283114999,9704.144556355637,57196.6283114999,9704.144556355637,57205.6283114999,9704.144556355637,,,,,,,True
2bhk_house_design_ground_floor_plan_op_1,2bhk_house_design_ground_floor_plan_op_1__99,LINE,WALLS GENERAL-ASAAS-0025-00-A,89.18909678815544,57205.6283114999,9737.144556355637,57294.81740828806,9737.144556355637,89.18909678815544,0.0,,57250.222859893984,9737.144556355637,57205.6283114999,9737.144556355637,57294.81740828806,9737.144556355637,,,,,,,True
2bhk_house_design_ground_floor_plan_op_1,2bhk_house_design_ground_floor_plan_op_1__100,LINE,WALLS GENERAL-ASAAS-0025-00-A,17.261179777415236,56904.86713172249,9607.894556355637,56922.1283114999,9607.894556355637,17.261179777415236,0.0,,56913.497721611195,9607.894556355637,56904.86713172249,9607.894556355637,56922.1283114999,9607.894556355637,,,,,,,True
2bhk_house_design_ground_floor_plan_op_1,2bhk_house_design_ground_floor_plan_op_1__101,LINE,WALLS GENERAL-ASAAS-0025-00-A,94.5,56949.1283114999,9607.894556355637,57043.6283114999,9607.894556355637,94.5,0.0,,56996.3783114999,9607.894556355637,56949.1283114999,9607.894556355637,57043.6283114999,9607.894556355637,,,,,,,True
2bhk_house_design_ground_floor_plan_op_1,2bhk_house_design_ground_floor_plan_op_1__102,LINE,WALLS GENERAL-ASAAS-0025-00-A,8.999999999992724,57043.62831149992,9567.394556355637,57052.62831149991,9567.394556355637,8.999999999992724,0.0,,57048.12831149991,9567.394556355637,57043.62831149992,9567.394556355637,57052.62831149991,9567.394556355637,,,,,,,True
2bhk_house_design_ground_floor_plan_op_1,2bhk_house_design_ground_floor_plan_op_1__103,LINE,WALLS GENERAL-ASAAS-0025-00-A,9.0,57043.62831149991,9603.394556355637,57052.62831149991,9603.394556355637,9.0,0.0,,57048.12831149991,9603.394556355637,57043.62831149991,9603.394556355637,57052.62831149991,9603.394556355637,,,,,,,True
2bhk_house_design_ground_floor_plan_op_1,2bhk_house_design_ground_floor_plan_op_1__104,LINE,WALLS GENERAL-ASAAS-0025-00-A,7.625000000001819,56949.1283114999,9729.519556355635,56949.12831149991,9737.144556355637,7.275957614183426e-12,7.625000000001819,9.542239494008775e-13,56949.12831149991,9733.332056355637,56949.12831149991,9737.144556355637,56949.1283114999,9729.519556355635,,,,,,,True
2bhk_house_design_ground_floor_plan_op_1,2bhk_house_design_ground_floor_plan_op_1__105,LINE,WALLS GENERAL-ASAAS-0025-00-A,7.624999999998181,56949.12831149991,9673.894556355637,56949.12831149992,9681.519556355635,7.275957614183426e-12,7.624999999998181,9.542239494013327e-13,56949.12831149991,9677.707056355637,56949.12831149991,9681.519556355635,56949.12831149992,9673.894556355637,,,,,,,True
2bhk_house_design_ground_floor_plan_op_1,2bhk_house_design_ground_floor_plan_op_1__106,LINE,WALLS GENERAL-ASAAS-0025-00-A,57.0,56949.1283114999,9607.894556355637,56949.12831149992,9664.894556355637,1.4551915228366852e-11,57.0,2.552967583924009e-13,56949.12831149991,9636.394556355637,56949.12831149992,9664.894556355637,56949.1283114999,9607.894556355637,,,,,,,True
2bhk_house_design_ground_floor_plan_op_1,2bhk_house_design_ground_floor_plan_op_1__107,LINE,WALLS GENERAL-ASAAS-0025-00-A,4.499999999992724,56922.1283114999,9607.894556355644,56922.1283114999,9612.394556355637,0.0,4.499999999992724,0.0,56922.1283114999,9610.14455635564,56922.1283114999,9612.394556355637,56922.1283114999,9607.894556355644,,,,,,,True
2bhk_house_design_ground_floor_plan_op_1,2bhk_house_design_ground_floor_plan_op_1__108,LINE,WALLS GENERAL-ASAAS-0025-00-A,7.625,56953.6283114999,9729.519556355637,56953.6283114999,9737.144556355637,0.0,7.625,0.0,56953.6283114999,9733.332056355637,56953.6283114999,9737.144556355637,56953.6283114999,9729.519556355637,,,,,,,True
2bhk_house_design_ground_floor_plan_op_1,2bhk_house_design_ground_floor_plan_op_1__109,LINE,WALLS GENERAL-ASAAS-0025-00-A,64.625,56953.62831149991,9616.894556355637,56953.62831149991,9681.519556355637,0.0,64.625,0.0,56953.62831149991,9649.207056355637,56953.62831149991,9681.519556355637,56953.62831149991,9616.894556355637,,,,,,,True
2bhk_house_design_ground_floor_plan_op_1,2bhk_house_design_ground_floor_plan_op_1__110,LINE,Compound Wall-ASAAS-0025,96.25000000000546,56977.6283114999,9640.894556355637,56977.62831149991,9737.144556355643,7.275957614183426e-12,96.25000000000546,7.559436482268065e-14,56977.62831149991,9689.01955635564,56977.6283114999,9737.144556355643,56977.62831149991,9640.894556355637,,,,,,,True
2bhk_house_design_ground_floor_plan_op_1,2bhk_house_design_ground_floor_plan_op_1__111,LINE,WALLS GENERAL-ASAAS-0025-00-A,152.99999999999272,57052.62831149992,9562.95089597797,57205.62831149991,9562.950895977972,152.99999999999272,1.8189894035458565e-12,,57129.12831149991,9562.95089597797,57052.62831149992,9562.950895977972,57205.62831149991,9562.95089597797,,,,,,,True
2bhk_house_design_ground_floor_plan_op_1,2bhk_house_design_ground_floor_plan_op_1__112,LINE,WALLS GENERAL-ASAAS-0025-00-A,29.23882022257021,57043.62831149992,9553.950895977972,57072.86713172249,9553.950895977972,29.23882022257021,0.0,,57058.2477216112,9553.950895977972,57043.62831149992,9553.950895977972,57072.86713172249,9553.950895977972,,,,,,,True
2bhk_house_design_ground_floor_plan_op_1,2bhk_house_design_ground_floor_plan_op_1__113,LINE,WALLS GENERAL-ASAAS-0025-00-A,123.76117977742251,57081.86713172249,9553.95089597797,57205.62831149991,9553.950895977972,123.76117977742251,1.8189894035458565e-12,,57143.7477216112,9553.95089597797,57081.86713172249,9553.950895977972,57205.62831149991,9553.95089597797,,,,,,,True
2bhk_house_design_ground_floor_plan_op_1,2bhk_house_design_ground_floor_plan_op_1__114,LINE,STAIRS-ASAAS-0025-00-A,89.99999999999636,57126.86713172249,9463.950895977976,57126.86713172249,9553.950895977972,0.0,89.99999999999636,0.0,57126.86713172249,9508.950895977974,57126.86713172249,9553.950895977972,57126.86713172249,9463.950895977976,,,,,,,True
2bhk_house_design_ground_floor_plan_op_1,2bhk_house_design_ground_floor_plan_op_1__115,LINE,STAIRS-ASAAS-0025-00-A,50.17291872551624,57104.67880656178,9463.950895977976,57126.86713172249,9508.950895977976,22.18832516070688,45.0,0.49307389246015293,57115.772969142134,9486.450895977976,57126.86713172249,9508.950895977976,57104.67880656178,9463.950895977976,,,,,,,True
2bhk_house_design_ground_floor_plan_op_1,2bhk_house_design_ground_floor_plan_op_1__116,LINE,STAIRS-ASAAS-0025-00-A,50.33440917580874,57081.86713172249,9486.399781879605,57126.86713172249,9508.950895977976,45.0,22.551114098370817,1.995466822778879,57104.36713172249,9497.675338928791,57126.86713172249,9508.950895977976,57081.86713172249,9486.399781879605,,,,,,,True
2bhk_house_design_ground_floor_plan_op_1,2bhk_house_design_ground_floor_plan_op_1__117,LINE,STAIRS-ASAAS-0025-00-A,45.0,57081.86713172249,9508.950895977974,57126.86713172249,9508.950895977976,45.0,1.8189894035458565e-12,,57104.36713172249,9508.950895977974,57126.86713172249,9508.950895977976,57081.86713172249,9508.950895977974,,,,,,,True
2bhk_house_design_ground_floor_plan_op_1,2bhk_house_design_ground_floor_plan_op_1__118,LINE,WALLS GENERAL-ASAAS-0025-00-A,8.999999999998181,57302.47420560053,9454.95089597798,57302.47420560053,9463.950895977978,0.0,8.999999999998181,0.0,57302.47420560053,9459.450895977978,57302.47420560053,9463.950895977978,57302.47420560053,9454.95089597798,,,,,,,True
2bhk_house_design_ground_floor_plan_op_1,2bhk_house_design_ground_floor_plan_op_1__119,LINE,WALLS GENERAL-ASAAS-0025-00-A,8.999999999996362,57206.46302582312,9454.950895977983,57206.46302582312,9463.95089597798,0.0,8.999999999996362,0.0,57206.46302582312,9459.450895977981,57206.46302582312,9463.95089597798,57206.46302582312,9454.950895977983,,,,,,,True
2bhk_house_design_ground_floor_plan_op_1,2bhk_house_design_ground_floor_plan_op_1__120,LINE,WALLS GENERAL-ASAAS-0025-00-A,8.999999999996362,57182.46302582312,9454.950895977983,57182.46302582312,9463.95089597798,0.0,8.999999999996362,0.0,57182.46302582312,9459.450895977981,57182.46302582312,9463.95089597798,57182.46302582312,9454.950895977983,,,,,,,True
2bhk_house_design_ground_floor_plan_op_1,2bhk_house_design_ground_floor_plan_op_1__121,LINE,WALLS GENERAL-ASAAS-0025-00-A,30.654089285970258,57205.6283114999,9683.144556355635,57236.28240078587,9683.144556355635,30.654089285970258,0.0,,57220.95535614289,9683.144556355635,57205.6283114999,9683.144556355635,57236.28240078587,9683.144556355635,,,,,,,True
2bhk_house_design_ground_floor_plan_op_1,2bhk_house_design_ground_floor_plan_op_1__122,LINE,WALLS GENERAL-ASAAS-0025-00-A,30.65408928594843,57266.28240078587,9683.144556355635,57296.93649007182,9683.144556355635,30.65408928594843,0.0,,57281.60944542885,9683.144556355635,57266.28240078587,9683.144556355635,57296.93649007182,9683.144556355635,,,,,,,True
2bhk_house_design_ground_floor_plan_op_1,2bhk_house_design_ground_floor_plan_op_1__123,LINE,WALLS GENERAL-ASAAS-0025-00-A,30.654089285955706,57205.6283114999,9674.144556355637,57236.28240078586,9674.144556355637,30.654089285955706,0.0,,57220.95535614288,9674.144556355637,57205.6283114999,9674.144556355637,57236.28240078586,9674.144556355637,,,,,,,True
2bhk_house_design_ground_floor_plan_op_1,2bhk_house_design_ground_floor_plan_op_1__124,LINE,WALLS GENERAL-ASAAS-0025-00-A,39.70025867104414,57266.28240078587,9674.144556355637,57305.98265945692,9674.144556355637,39.70025867104414,0.0,,57286.132530121395,9674.144556355637,57266.28240078587,9674.144556355637,57305.98265945692,9674.144556355637,,,,,,,True
2bhk_house_design_ground_floor_plan_op_1,2bhk_house_design_ground_floor_plan_op_1__125,LINE,WALLS GENERAL-ASAAS-0025-00-A,9.0,57196.6283114999,9671.144556355634,57205.6283114999,9671.144556355635,9.0,1.8189894035458565e-12,,57201.1283114999,9671.144556355634,57196.6283114999,9671.144556355635,57205.6283114999,9671.144556355634,,,,,,,True
2bhk_house_design_ground_floor_plan_op_1,2bhk_house_design_ground_floor_plan_op_1__126,LINE,WINDOW-ASAAS-0025-00-A,9.000000000007276,57196.6283114999,9611.144556355635,57205.62831149991,9611.144556355635,9.000000000007276,0.0,,57201.12831149991,9611.144556355635,57196.6283114999,9611.144556355635,57205.62831149991,9611.144556355635,,,,,,,True
2bhk_house_design_ground_floor_plan_op_1,2bhk_house_design_ground_floor_plan_op_1__127,LINE,STAIRS-ASAAS-0025-00-A,63.0,57126.86713172249,9508.950895977972,57189.86713172249,9508.950895977972,63.0,0.0,,57158.36713172249,9508.950895977972,57189.86713172249,9508.950895977972,57126.86713172249,9508.950895977972,,,,,,,True
2bhk_house_design_ground_floor_plan_op_1,2bhk_house_design_ground_floor_plan_op_1__128,LINE,STAIRS-ASAAS-0025-00-A,89.99999999999636,57126.86713172249,9463.950895977976,57126.86713172249,9553.950895977972,0.0,89.99999999999636,0.0,57126.86713172249,9508.950895977974,57126.86713172249,9463.950895977976,57126.86713172249,9553.950895977972,,,,,,,True
2bhk_house_design_ground_floor_plan_op_1,2bhk_house_design_ground_floor_plan_op_1__129,LINE,STAIRS-ASAAS-0025-00-A,44.99999999999636,57137.36713172247,9463.950895977976,57137.36713172249,9508.950895977972,1.4551915228366852e-11,44.99999999999636,3.23375893963734e-13,57137.36713172248,9486.450895977974,57137.36713172249,9463.950895977976,57137.36713172247,9508.950895977972,,,,,,,True
2bhk_house_design_ground_floor_plan_op_1,2bhk_house_design_ground_floor_plan_op_1__130,LINE,STAIRS-ASAAS-0025-00-A,44.99999999999636,57147.86713172249,9463.950895977976,57147.86713172249,9508.950895977972,0.0,44.99999999999636,0.0,57147.86713172249,9486.450895977974,57147.86713172249,9463.950895977976,57147.86713172249,9508.950895977972,,,,,,,True
2bhk_house_design_ground_floor_plan_op_1,2bhk_house_design_ground_floor_plan_op_1__131,LINE,STAIRS-ASAAS-0025-00-A,44.99999999999636,57158.36713172248,9463.950895977976,57158.36713172249,9508.950895977972,7.275957614183426e-12,44.99999999999636,1.61687946981867e-13,57158.36713172248,9486.450895977974,57158.36713172249,9463.950895977976,57158.36713172248,9508.950895977972,,,,,,,True
2bhk_house_design_ground_floor_plan_op_1,2bhk_house_design_ground_floor_plan_op_1__132,LINE,STAIRS-ASAAS-0025-00-A,44.99999999999636,57168.86713172249,9463.950895977976,57168.86713172249,9508.950895977972,0.0,44.99999999999636,0.0,57168.86713172249,9486.450895977974,57168.86713172249,9463.950895977976,57168.86713172249,9508.950895977972,,,,,,,True
2bhk_house_design_ground_floor_plan_op_1,2bhk_house_design_ground_floor_plan_op_1__133,LINE,STAIRS-ASAAS-0025-00-A,44.99999999999636,57179.36713172249,9463.950895977976,57179.36713172249,9508.950895977972,0.0,44.99999999999636,0.0,57179.36713172249,9486.450895977974,57179.36713172249,9463.950895977976,57179.36713172249,9508.950895977972,,,,,,,True
2bhk_house_design_ground_floor_plan_op_1,2bhk_house_design_ground_floor_plan_op_1__134,LINE,STAIRS-ASAAS-0025-00-A,44.99999999999636,57189.86713172249,9463.950895977976,57189.86713172249,9508.950895977972,0.0,44.99999999999636,0.0,57189.86713172249,9486.450895977974,57189.86713172249,9463.950895977976,57189.86713172249,9508.950895977972,,,,,,,True
2bhk_house_design_ground_floor_plan_op_1,2bhk_house_design_ground_floor_plan_op_1__135,LINE,STAIRS-ASAAS-0025-00-A,45.0,57137.36713172247,9508.950895977972,57137.36713172249,9553.950895977972,1.4551915228366852e-11,45.0,3.2337589396370783e-13,57137.36713172248,9531.450895977972,57137.36713172247,9508.950895977972,57137.36713172249,9553.950895977972,,,,,,,True
2bhk_house_design_ground_floor_plan_op_1,2bhk_house_design_ground_floor_plan_op_1__136,LINE,STAIRS-ASAAS-0025-00-A,45.0,57147.86713172247,9508.950895977967,57147.86713172249,9553.950895977967,1.4551915228366852e-11,45.0,3.2337589396370783e-13,57147.86713172248,9531.450895977967,57147.86713172247,9508.950895977967,57147.86713172249,9553.950895977967,,,,,,,True
2bhk_house_design_ground_floor_plan_op_1,2bhk_house_design_ground_floor_plan_op_1__137,LINE,STAIRS-ASAAS-0025-00-A,45.0,57158.36713172247,9508.950895977961,57158.36713172249,9553.950895977961,1.4551915228366852e-11,45.0,3.2337589396370783e-13,57158.36713172248,9531.450895977961,57158.36713172247,9508.950895977961,57158.36713172249,9553.950895977961,,,,,,,True
2bhk_house_design_ground_floor_plan_op_1,2bhk_house_design_ground_floor_plan_op_1__138,LINE,STAIRS-ASAAS-0025-00-A,45.0,57168.86713172247,9508.950895977956,57168.86713172249,9553.950895977956,1.4551915228366852e-11,45.0,3.2337589396370783e-13,57168.86713172248,9531.450895977956,57168.86713172247,9508.950895977956,57168.86713172249,9553.950895977956,,,,,,,True
2bhk_house_design_ground_floor_plan_op_1,2bhk_house_design_ground_floor_plan_op_1__139,LINE,STAIRS-ASAAS-0025-00-A,45.0,57179.36713172247,9508.95089597795,57179.36713172249,9553.95089597795,1.4551915228366852e-11,45.0,3.2337589396370783e-13,57179.36713172248,9531.45089597795,57179.36713172247,9508.95089597795,57179.36713172249,9553.95089597795,,,,,,,True
2bhk_house_design_ground_floor_plan_op_1,2bhk_house_design_ground_floor_plan_op_1__140,LINE,STAIRS-ASAAS-0025-00-A,45.0,57189.86713172247,9508.950895977947,57189.86713172249,9553.950895977947,1.4551915228366852e-11,45.0,3.2337589396370783e-13,57189.86713172248,9531.450895977947,57189.86713172247,9508.950895977947,57189.86713172249,9553.950895977947,,,,,,,True
2bhk_house_design_ground_floor_plan_op_1,2bhk_house_design_ground_floor_plan_op_1__141,LINE,STAIRS-ASAAS-0025-00-A,50.17291872551624,57104.67880656178,9508.950895977972,57126.86713172249,9553.950895977972,22.18832516070688,45.0,0.49307389246015293,57115.772969142134,9531.450895977972,57126.86713172249,9508.950895977972,57104.67880656178,9553.950895977972,,,,,,,True
2bhk_house_design_ground_floor_plan_op_1,2bhk_house_design_ground_floor_plan_op_1__142,LINE,STAIRS-ASAAS-0025-00-A,50.33440917580874,57081.86713172249,9508.950895977972,57126.86713172249,9531.502010076343,45.0,22.551114098370817,1.995466822778879,57104.36713172249,9520.226453027157,57126.86713172249,9508.950895977972,57081.86713172249,9531.502010076343,,,,,,,True
2bhk_house_design_ground_floor_plan_op_1,2bhk_house_design_ground_floor_plan_op_1__143,TEXT,TEXT1--ASAAS-0025-00-A,,57195.85259018936,9814.158369756722,57230.97072481763,9819.70136205411,35.11813462826831,5.542992297387173,6.335591453883513,57213.41165750349,9816.929865905415,,,,,,,,,,"16'-0""x12'-0""",False
2bhk_house_design_ground_floor_plan_op_1,2bhk_house_design_ground_floor_plan_op_1__144,TEXT,TEXT1--ASAAS-0025-00-A,,57190.19984334041,9823.412617333179,57233.82108413077,9831.172806549523,43.62124079035857,7.760189216343861,5.621156852527148,57212.01046373558,9827.29271194135,,,,,,,,,,BED ROOM ,False
2bhk_house_design_ground_floor_plan_op_1,2bhk_house_design_ground_floor_plan_op_1__145,TEXT,TEXT1--ASAAS-0025-00-A,,56983.44110428837,9804.934086872929,57018.55923891664,9810.477079170316,35.11813462826831,5.542992297387173,6.335591453883513,57001.00017160251,9807.705583021623,,,,,,,,,,"16'-0""x12'-0""",False
2bhk_house_design_ground_floor_plan_op_1,2bhk_house_design_ground_floor_plan_op_1__146,TEXT,TEXT1--ASAAS-0025-00-A,,56977.78835743941,9814.188334449385,57021.409598229766,9821.94852366573,43.62124079035857,7.760189216343861,5.621156852527148,56999.59897783458,9818.068429057557,,,,,,,,,,BED ROOM ,False
2bhk_house_design_ground_floor_plan_op_1,2bhk_house_design_ground_floor_plan_op_1__147,TEXT,TEXT1--ASAAS-0025-00-A,,56987.18369135662,9683.92072285782,57019.90265485294,9691.680912074164,32.718963496314245,7.760189216343861,4.21625846795131,57003.54317310478,9687.800817465992,,,,,,,,,,KITCHEN,False
2bhk_house_design_ground_floor_plan_op_1,2bhk_house_design_ground_floor_plan_op_1__148,TEXT,TEXT1--ASAAS-0025-00-A,,56988.92605270691,9675.202974657037,57020.658889277576,9680.745966954424,31.732836570663494,5.542992297387173,5.724856696196666,57004.792470992244,9677.97447080573,,,,,,,,,,"7'-6""x10'-0""",False
2bhk_house_design_ground_floor_plan_op_1,2bhk_house_design_ground_floor_plan_op_1__149,TEXT,TEXT1--ASAAS-0025-00-A,,56908.28321596772,9643.978785475729,56934.29744068306,9651.738974692073,26.014224715341697,7.760189216343861,3.3522668056279756,56921.29032832539,9647.8588800839,,,,,,,,,,TOILET,False
2bhk_house_design_ground_floor_plan_op_1,2bhk_house_design_ground_floor_plan_op_1__150,TEXT,TEXT1--ASAAS-0025-00-A,,56907.84853583844,9635.653697397447,56936.1960743515,9641.196689694834,28.34753851305868,5.542992297387173,5.114121938509818,56922.02230509497,9638.42519354614,,,,,,,,,,"4'-0""x4'-0""",False
2bhk_house_design_ground_floor_plan_op_1,2bhk_house_design_ground_floor_plan_op_1__151,TEXT,TEXT1--ASAAS-0025-00-A,,56908.9863746587,9709.94367682466,56928.86200258904,9717.703866041003,19.87562793034158,7.760189216343861,2.5612298071909376,56918.924188623874,9713.823771432832,,,,,,,,,,O.T.S,False
2bhk_house_design_ground_floor_plan_op_1,2bhk_house_design_ground_floor_plan_op_1__152,TEXT,TEXT1--ASAAS-0025-00-A,,56904.84692955906,9701.248875864363,56936.579766129726,9706.79186816175,31.732836570663494,5.542992297387173,5.724856696196666,56920.713347844394,9704.020372013056,,,,,,,,,,"3'-10""x5'-3""",False
2bhk_house_design_ground_floor_plan_op_1,2bhk_house_design_ground_floor_plan_op_1__153,TEXT,TEXT1--ASAAS-0025-00-A,,57246.502258196,9932.629260843405,57266.86315069433,9940.389450059749,20.360892498327303,7.760189216343861,2.6237623762375404,57256.682704445164,9936.509355451577,,,,,,,,,,BATH,False
2bhk_house_design_ground_floor_plan_op_1,2bhk_house_design_ground_floor_plan_op_1__154,TEXT,TEXT1--ASAAS-0025-00-A,,57242.01604774548,9923.934459883109,57270.363586258536,9929.477452180496,28.34753851305868,5.542992297387173,5.114121938509818,57256.18981700201,9926.705956031801,,,,,,,,,,"5'-2""x6'-9""",False
2bhk_house_design_ground_floor_plan_op_1,2bhk_house_design_ground_floor_plan_op_1__155,TEXT,TEXT1--ASAAS-0025-00-A,,56953.7092857022,9510.343621305066,56988.82742033047,9515.886613602454,35.11813462826831,5.542992297387173,6.335591453883513,56971.268353016334,9513.115117453759,,,,,,,,,,"14'-0""x12'-0""",False
2bhk_house_design_ground_floor_plan_op_1,2bhk_house_design_ground_floor_plan_op_1__156,TEXT,TEXT1--ASAAS-0025-00-A,,56950.96394007009,9517.9224859834,56987.88448595087,9525.682675199743,36.920545880777354,7.760189216343861,4.757686294944767,56969.42421301048,9521.802580591571,,,,,,,,,,DRAWING,False
2bhk_house_design_ground_floor_plan_op_1,2bhk_house_design_ground_floor_plan_op_1__157,TEXT,TEXT1--ASAAS-0025-00-A,,57241.39405697186,9582.764418842542,57273.126893542525,9588.30741113993,31.732836570663494,5.542992297387173,5.724856696196666,57257.26047525719,9585.535914991236,,,,,,,,,,"8'-4""x17'-6""",False
2bhk_house_design_ground_floor_plan_op_1,2bhk_house_design_ground_floor_plan_op_1__158,TEXT,TEXT1--ASAAS-0025-00-A,,57234.92881765108,9591.600224053693,57279.11215656602,9599.360413270037,44.18333891493967,7.760189216343861,5.693590411672491,57257.02048710855,9595.480318661865,,,,,,,,,,CAR PORCH,False
2bhk_house_design_ground_floor_plan_op_1,2bhk_house_design_ground_floor_plan_op_1__159,TEXT,TEXT1--ASAAS-0025-00-A,,57121.70181203196,9530.983468337461,57153.434648602626,9536.526460634848,31.732836570663494,5.542992297387173,5.724856696196666,57137.568230317294,9533.754964486154,,,,,,,,,,"10'-3""x7'-6""",False
2bhk_house_design_ground_floor_plan_op_1,2bhk_house_design_ground_floor_plan_op_1__160,TEXT,TEXT1--ASAAS-0025-00-A,,57113.24893240196,9539.113293529022,57157.10067386211,9546.873482745366,43.851741460144694,7.760189216343861,5.65085982282337,57135.17480313203,9542.993388137194,,,,,,,,,,STAIR CASE,False
2bhk_house_design_ground_floor_plan_op_1,2bhk_house_design_ground_floor_plan_op_1__161,TEXT,TEXT1--ASAAS-0025-00-A,,57236.80275406898,9707.990416408187,57257.16364656731,9715.750605624531,20.360892498327303,7.760189216343861,2.6237623762375404,57246.983200318144,9711.87051101636,,,,,,,,,,BATH,False
2bhk_house_design_ground_floor_plan_op_1,2bhk_house_design_ground_floor_plan_op_1__162,TEXT,TEXT1--ASAAS-0025-00-A,,57232.90170150332,9700.493919519098,57261.249240016376,9706.036911816485,28.34753851305868,5.542992297387173,5.114121938509818,57247.075470759846,9703.265415667793,,,,,,,,,,"7'-8""x4'-6""",False
2bhk_house_design_ground_floor_plan_op_1,2bhk_house_design_ground_floor_plan_op_1__163,TEXT,TEXT1--ASAAS-0025-00-A,,57115.60741198109,9636.39952936782,57150.725546609356,9641.942521665207,35.11813462826831,5.542992297387173,6.335591453883513,57133.16647929522,9639.171025516513,,,,,,,,,,"12'-0""x14'-6""",False
2bhk_house_design_ground_floor_plan_op_1,2bhk_house_design_ground_floor_plan_op_1__164,TEXT,TEXT1--ASAAS-0025-00-A,,57115.75857120467,9645.482279415435,57147.28054876663,9653.242468631779,31.521977561955282,7.760189216343861,4.062011464303774,57131.51955998565,9649.362374023607,,,,,,,,,,LOUNGE,False
2bhk_house_design_ground_floor_plan_op_1,2bhk_house_design_ground_floor_plan_op_1__165,LINE,PROJECTION-ASAAS-0025-00-A,89.9999999999909,57205.62831149991,9463.95089597798,57205.62831149991,9553.95089597797,0.0,89.9999999999909,0.0,57205.62831149991,9508.950895977974,57205.62831149991,9553.95089597797,57205.62831149991,9463.95089597798,,,,,,,True
2bhk_house_design_ground_floor_plan_op_1,2bhk_house_design_ground_floor_plan_op_1__166,LINE,PROJECTION-ASAAS-0025-00-A,89.9999999999909,57196.62831149991,9463.95089597798,57196.62831149991,9553.95089597797,0.0,89.9999999999909,0.0,57196.62831149991,9508.950895977974,57196.62831149991,9553.95089597797,57196.62831149991,9463.95089597798,,,,,,,True
2bhk_house_design_ground_floor_plan_op_1,2bhk_house_design_ground_floor_plan_op_1__167,LINE,PROJECTION-ASAAS-0025-00-A,97.82999261414807,57205.62831149991,9508.950895977976,57303.45830411406,9508.950895977976,97.82999261414807,0.0,,57254.543307806984,9508.950895977976,57205.62831149991,9508.950895977976,57303.45830411406,9508.950895977976,,,,,,,True
2bhk_house_design_ground_floor_plan_op_1,2bhk_house_design_ground_floor_plan_op_1__168,LINE,DOORS-ASAAS-0025,36.0,57033.86713172249,9454.95089597795,57069.86713172249,9454.95089597798,36.0,2.9103830456733704e-11,,57051.86713172249,9454.950895977965,57033.86713172249,9454.95089597798,57069.86713172249,9454.95089597795,,,,,,,True
2bhk_house_design_ground_floor_plan_op_1,2bhk_house_design_ground_floor_plan_op_1__169,LINE,DOORS-ASAAS-0025,36.0,57052.62831149991,9567.394556355637,57052.62831149992,9603.394556355637,7.275957614183426e-12,36.0,2.0210993372731737e-13,57052.62831149991,9585.394556355637,57052.62831149991,9567.394556355637,57052.62831149992,9603.394556355637,,,,,,,True
2bhk_house_design_ground_floor_plan_op_1,2bhk_house_design_ground_floor_plan_op_1__170,TEXT,TEXT1--ASAAS-0025-00-A,,57129.97007040933,9925.036704931374,57196.88401046291,9932.796894147717,66.91394005358597,7.760189216343861,8.62272016675282,57163.427040436116,9928.916799539546,,,,,,,,,,OPEN & LAUNDRY,False
2bhk_house_design_ground_floor_plan_op_1,2bhk_house_design_ground_floor_plan_op_1__171,TEXT,TEXT1--ASAAS-0025-00-A,,57151.5912764054,9916.067237984376,57179.93881491846,9921.610230281764,28.34753851305868,5.542992297387173,5.114121938509818,57165.76504566193,9918.83873413307,,,,,,,,,,"9'-2""x4'-9""",False
2bhk_house_design_ground_floor_plan_op_1,2bhk_house_design_ground_floor_plan_op_1__172,LINE,DOORS-ASAAS-0025,59.99999999999818,57205.6283114999,9611.144556355635,57205.62831149991,9671.144556355634,7.275957614183426e-12,59.99999999999818,1.2126596023639412e-13,57205.62831149991,9641.144556355634,57205.62831149991,9611.144556355635,57205.6283114999,9671.144556355634,,,,,,,True
2bhk_house_design_ground_floor_plan_op_1,2bhk_house_design_ground_floor_plan_op_1__173,LINE,WALL MAIN-ASAAS-0025-00-A,9.00017328418835,56938.76936513445,9454.950895977976,56938.76936513445,9463.951069262164,0.0,9.00017328418835,0.0,56938.76936513445,9459.45098262007,56938.76936513445,9463.951069262164,56938.76936513445,9454.950895977976,,,,,,,True
2bhk_house_design_ground_floor_plan_op_1,2bhk_house_design_ground_floor_plan_op_1__174,LINE,WALL MAIN-ASAAS-0025-00-A,9.00017328418835,56998.76936513445,9454.950895977976,56998.76936513445,9463.951069262164,0.0,9.00017328418835,0.0,56998.76936513445,9459.45098262007,56998.76936513445,9463.951069262164,56998.76936513445,9454.950895977976,,,,,,,True
2bhk_house_design_ground_floor_plan_op_1,2bhk_house_design_ground_floor_plan_op_1__175,LINE,WINDOW-ASAAS-0025-00-A,60.0,56938.76936513445,9454.950895977976,56998.76936513445,9454.950895977978,60.0,1.8189894035458565e-12,,56968.76936513445,9454.950895977978,56938.76936513445,9454.950895977976,56998.76936513445,9454.950895977978,,,,,,,True
2bhk_house_design_ground_floor_plan_op_1,2bhk_house_design_ground_floor_plan_op_1__176,LINE,WINDOW-ASAAS-0025-00-A,60.0,56938.76936513445,9463.950895977976,56998.76936513445,9463.950895977976,60.0,0.0,,56968.76936513445,9463.950895977976,56938.76936513445,9463.950895977976,56998.76936513445,9463.950895977976,,,,,,,True
2bhk_house_design_ground_floor_plan_op_1,2bhk_house_design_ground_floor_plan_op_1__177,LINE,WINDOW-ASAAS-0025-00-A,60.0,56938.76936513445,9460.242177803855,56998.76936513445,9460.242177803855,60.0,0.0,,56968.76936513445,9460.242177803855,56938.76936513445,9460.242177803855,56998.76936513445,9460.242177803855,,,,,,,True
2bhk_house_design_ground_floor_plan_op_1,2bhk_house_design_ground_floor_plan_op_1__178,LINE,WINDOW-ASAAS-0025-00-A,60.0,56938.76936513445,9458.842177803854,56998.76936513445,9458.842177803854,60.0,0.0,,56968.76936513445,9458.842177803854,56998.76936513445,9458.842177803854,56938.76936513445,9458.842177803854,,,,,,,True
2bhk_house_design_ground_floor_plan_op_1,2bhk_house_design_ground_floor_plan_op_1__179,LINE,WALL MAIN-ASAAS-0025-00-A,9.00017328418835,57236.28240078587,9674.144556355635,57236.28240078587,9683.144729639824,0.0,9.00017328418835,0.0,57236.28240078587,9678.64464299773,57236.28240078587,9683.144729639824,57236.28240078587,9674.144556355635,,,,,,,True
2bhk_house_design_ground_floor_plan_op_1,2bhk_house_design_ground_floor_plan_op_1__180,LINE,WALL MAIN-ASAAS-0025-00-A,9.00017328418835,57266.28240078587,9674.144556355635,57266.28240078587,9683.144729639824,0.0,9.00017328418835,0.0,57266.28240078587,9678.64464299773,57266.28240078587,9683.144729639824,57266.28240078587,9674.144556355635,,,,,,,True
2bhk_house_design_ground_floor_plan_op_1,2bhk_house_design_ground_floor_plan_op_1__181,LINE,WINDOW-ASAAS-0025-00-A,29.999999999985448,57236.28240078587,9674.144556355635,57266.28240078586,9674.144556355637,29.999999999985448,1.8189894035458565e-12,,57251.282400785865,9674.144556355637,57236.28240078587,9674.144556355635,57266.28240078586,9674.144556355637,,,,,,,True
2bhk_house_design_ground_floor_plan_op_1,2bhk_house_design_ground_floor_plan_op_1__182,LINE,WINDOW-ASAAS-0025-00-A,29.999999999985448,57236.28240078587,9683.144556355635,57266.28240078586,9683.144556355635,29.999999999985448,0.0,,57251.282400785865,9683.144556355635,57236.28240078587,9683.144556355635,57266.28240078586,9683.144556355635,,,,,,,True
2bhk_house_design_ground_floor_plan_op_1,2bhk_house_design_ground_floor_plan_op_1__183,LINE,WINDOW-ASAAS-0025-00-A,29.999999999985448,57236.28240078587,9679.435838181515,57266.28240078586,9679.435838181515,29.999999999985448,0.0,,57251.282400785865,9679.435838181515,57236.28240078587,9679.435838181515,57266.28240078586,9679.435838181515,,,,,,,True
2bhk_house_design_ground_floor_plan_op_1,2bhk_house_design_ground_floor_plan_op_1__184,LINE,WINDOW-ASAAS-0025-00-A,29.999999999985448,57236.28240078587,9678.035838181513,57266.28240078586,9678.035838181513,29.999999999985448,0.0,,57251.282400785865,9678.035838181513,57266.28240078586,9678.035838181513,57236.28240078587,9678.035838181513,,,,,,,True
2bhk_house_design_ground_floor_plan_op_1,2bhk_house_design_ground_floor_plan_op_1__185,LINE,WALL MAIN-ASAAS-0025-00-A,9.000173284190168,56909.01537584217,9737.144556355637,56909.01537584217,9746.144729639827,0.0,9.000173284190168,0.0,56909.01537584217,9741.644642997733,56909.01537584217,9746.144729639827,56909.01537584217,9737.144556355637,,,,,,,True
2bhk_house_design_ground_floor_plan_op_1,2bhk_house_design_ground_floor_plan_op_1__186,LINE,WALL MAIN-ASAAS-0025-00-A,9.000173284190168,56945.01537584217,9737.144556355637,56945.01537584217,9746.144729639827,0.0,9.000173284190168,0.0,56945.01537584217,9741.644642997733,56945.01537584217,9746.144729639827,56945.01537584217,9737.144556355637,,,,,,,True
2bhk_house_design_ground_floor_plan_op_1,2bhk_house_design_ground_floor_plan_op_1__187,LINE,WINDOW-ASAAS-0025-00-A,35.99999999998545,56909.01537584217,9737.144556355637,56945.01537584216,9737.14455635564,35.99999999998545,3.637978807091713e-12,,56927.015375842166,9737.144556355639,56909.01537584217,9737.144556355637,56945.01537584216,9737.14455635564,,,,,,,True
2bhk_house_design_ground_floor_plan_op_1,2bhk_house_design_ground_floor_plan_op_1__188,LINE,WINDOW-ASAAS-0025-00-A,35.99999999998545,56909.01537584217,9746.144556355637,56945.01537584216,9746.144556355637,35.99999999998545,0.0,,56927.015375842166,9746.144556355637,56909.01537584217,9746.144556355637,56945.01537584216,9746.144556355637,,,,,,,True
2bhk_house_design_ground_floor_plan_op_1,2bhk_house_design_ground_floor_plan_op_1__189,LINE,WINDOW-ASAAS-0025-00-A,35.99999999998545,56909.01537584217,9742.435838181518,56945.01537584216,9742.435838181518,35.99999999998545,0.0,,56927.015375842166,9742.435838181518,56909.01537584217,9742.435838181518,56945.01537584216,9742.435838181518,,,,,,,True
2bhk_house_design_ground_floor_plan_op_1,2bhk_house_design_ground_floor_plan_op_1__190,LINE,WINDOW-ASAAS-0025-00-A,35.99999999998545,56909.01537584217,9741.035838181517,56945.01537584216,9741.035838181517,35.99999999998545,0.0,,56927.015375842166,9741.035838181517,56945.01537584216,9741.035838181517,56909.01537584217,9741.035838181517,,,,,,,True
2bhk_house_design_ground_floor_plan_op_1,2bhk_house_design_ground_floor_plan_op_1__191,LINE,WALL MAIN-ASAAS-0025-00-A,9.000173284184712,57097.6283114999,9932.14455635563,57106.62848478409,9932.14455635563,9.000173284184712,0.0,,57102.128398142,9932.14455635563,57106.62848478409,9932.14455635563,57097.6283114999,9932.14455635563,,,,,,,True
2bhk_house_design_ground_floor_plan_op_1,2bhk_house_design_ground_floor_plan_op_1__192,LINE,WINDOW-ASAAS-0025-00-A,32.999999999992724,57097.6283114999,9899.144556355637,57097.6283114999,9932.14455635563,0.0,32.999999999992724,0.0,57097.6283114999,9915.644556355634,57097.6283114999,9932.14455635563,57097.6283114999,9899.144556355637,,,,,,,True
2bhk_house_design_ground_floor_plan_op_1,2bhk_house_design_ground_floor_plan_op_1__193,LINE,WINDOW-ASAAS-0025-00-A,32.999999999992724,57106.6283114999,9899.144556355637,57106.6283114999,9932.14455635563,0.0,32.999999999992724,0.0,57106.6283114999,9915.644556355634,57106.6283114999,9932.14455635563,57106.6283114999,9899.144556355637,,,,,,,True
2bhk_house_design_ground_floor_plan_op_1,2bhk_house_design_ground_floor_plan_op_1__194,LINE,WINDOW-ASAAS-0025-00-A,32.999999999992724,57102.91959332578,9899.144556355637,57102.91959332578,9932.14455635563,0.0,32.999999999992724,0.0,57102.91959332578,9915.644556355634,57102.91959332578,9932.14455635563,57102.91959332578,9899.144556355637,,,,,,,True
2bhk_house_design_ground_floor_plan_op_1,2bhk_house_design_ground_floor_plan_op_1__195,LINE,WINDOW-ASAAS-0025-00-A,32.999999999992724,57101.51959332578,9899.144556355637,57101.51959332578,9932.14455635563,0.0,32.999999999992724,0.0,57101.51959332578,9915.644556355634,57101.51959332578,9899.144556355637,57101.51959332578,9932.14455635563,,,,,,,True
2bhk_house_design_ground_floor_plan_op_1,2bhk_house_design_ground_floor_plan_op_1__196,LINE,WALL MAIN-ASAAS-0025-00-A,9.000173284190168,57111.54171505196,9890.144556355637,57111.54171505196,9899.144729639827,0.0,9.000173284190168,0.0,57111.54171505196,9894.644642997733,57111.54171505196,9899.144729639827,57111.54171505196,9890.144556355637,,,,,,,True
2bhk_house_design_ground_floor_plan_op_1,2bhk_house_design_ground_floor_plan_op_1__197,LINE,WALLS GENERAL-ASAAS-0025-00-A,9.000173284190168,57141.54171505196,9890.144556355637,57141.54171505196,9899.144729639827,0.0,9.000173284190168,0.0,57141.54171505196,9894.644642997733,57141.54171505196,9899.144729639827,57141.54171505196,9890.144556355637,,,,,,,True
2bhk_house_design_ground_floor_plan_op_1,2bhk_house_design_ground_floor_plan_op_1__198,LINE,WALLS GENERAL-ASAAS-0025-00-A,9.000173284190168,57150.54171505196,9890.144556355637,57150.54171505196,9899.144729639827,0.0,9.000173284190168,0.0,57150.54171505196,9894.644642997733,57150.54171505196,9899.144729639827,57150.54171505196,9890.144556355637,,,,,,,True
2bhk_house_design_ground_floor_plan_op_1,2bhk_house_design_ground_floor_plan_op_1__199,LINE,WALL MAIN-ASAAS-0025-00-A,9.000173284190168,57210.54171505196,9890.144556355637,57210.54171505196,9899.144729639827,0.0,9.000173284190168,0.0,57210.54171505196,9894.644642997733,57210.54171505196,9899.144729639827,57210.54171505196,9890.144556355637,,,,,,,True
2bhk_house_design_ground_floor_plan_op_1,2bhk_house_design_ground_floor_plan_op_1__200,LINE,WINDOW-ASAAS-0025-00-A,60.0,57150.54171505196,9890.144556355637,57210.54171505196,9890.14455635564,60.0,3.637978807091713e-12,,57180.54171505196,9890.144556355639,57150.54171505196,9890.144556355637,57210.54171505196,9890.14455635564,,,,,,,True
2bhk_house_design_ground_floor_plan_op_1,2bhk_house_design_ground_floor_plan_op_1__201,LINE,WINDOW-ASAAS-0025-00-A,30.0,57111.54171505196,9899.144556355637,57141.54171505196,9899.144556355637,30.0,0.0,,57126.54171505196,9899.144556355637,57111.54171505196,9899.144556355637,57141.54171505196,9899.144556355637,,,,,,,True
2bhk_house_design_ground_floor_plan_op_1,2bhk_house_design_ground_floor_plan_op_1__202,LINE,PROJECTION-ASAAS-0025-00-A,85.0031908607707,57130.62831149992,9923.144556355637,57215.63150236069,9923.144556355637,85.0031908607707,0.0,,57173.129906930306,9923.144556355637,57130.62831149992,9923.144556355637,57215.63150236069,9923.144556355637,,,,,,,True
2bhk_house_design_ground_floor_plan_op_1,2bhk_house_design_ground_floor_plan_op_1__203,LINE,WINDOW-ASAAS-0025-00-A,60.0,57150.54171505196,9899.144556355637,57210.54171505196,9899.144556355637,60.0,0.0,,57180.54171505196,9899.144556355637,57150.54171505196,9899.144556355637,57210.54171505196,9899.144556355637,,,,,,,True
2bhk_house_design_ground_floor_plan_op_1,2bhk_house_design_ground_floor_plan_op_1__204,LINE,WINDOW-ASAAS-0025-00-A,60.0,57150.54171505196,9895.435838181518,57210.54171505196,9895.435838181518,60.0,0.0,,57180.54171505196,9895.435838181518,57150.54171505196,9895.435838181518,57210.54171505196,9895.435838181518,,,,,,,True
2bhk_house_design_ground_floor_plan_op_1,2bhk_house_design_ground_floor_plan_op_1__205,LINE,WINDOW-ASAAS-0025-00-A,60.0,57150.54171505196,9894.035838181517,57210.54171505196,9894.035838181517,60.0,0.0,,57180.54171505196,9894.035838181517,57210.54171505196,9894.035838181517,57150.54171505196,9894.035838181517,,,,,,,True
2bhk_house_design_ground_floor_plan_op_1,2bhk_house_design_ground_floor_plan_op_1__206,LINE,WALLS GENERAL-ASAAS-0025-00-A,8.999999999985448,57141.54171505197,9890.144556355637,57150.54171505196,9890.144556355637,8.999999999985448,0.0,,57146.041715051964,9890.144556355637,57150.54171505196,9890.144556355637,57141.54171505197,9890.144556355637,,,,,,,True
2bhk_house_design_ground_floor_plan_op_1,2bhk_house_design_ground_floor_plan_op_1__207,LINE,WALLS GENERAL-ASAAS-0025-00-A,9.0,57141.54171505196,9899.144729639827,57150.54171505196,9899.144729639827,9.0,0.0,,57146.04171505196,9899.144729639827,57141.54171505196,9899.144729639827,57150.54171505196,9899.144729639827,,,,,,,True
2bhk_house_design_ground_floor_plan_op_1,2bhk_house_design_ground_floor_plan_op_1__208,LINE,DOORS-ASAAS-0025,45.0,57052.6283114999,9737.144556355632,57097.6283114999,9737.144556355637,45.0,5.4569682106375694e-12,,57075.1283114999,9737.144556355634,57097.6283114999,9737.144556355637,57052.6283114999,9737.144556355632,,,,,,,True
2bhk_house_design_ground_floor_plan_op_1,2bhk_house_design_ground_floor_plan_op_1__209,LINE,DOORS-ASAAS-0025,43.47589374615927,57112.65241775374,9737.144556355637,57156.1283114999,9737.144556355637,43.47589374615927,0.0,,57134.39036462682,9737.144556355637,57112.65241775374,9737.144556355637,57156.1283114999,9737.144556355637,,,,,,,True
2bhk_house_design_ground_floor_plan_op_1,2bhk_house_design_ground_floor_plan_op_1__210,LINE,WALLS GENERAL-ASAAS-0025-00-A,9.0,57285.14622489476,9890.144556355637,57285.14622489477,9899.144556355637,1.4551915228366852e-11,9.0,1.616879469818539e-12,57285.146224894765,9894.644556355637,57285.14622489477,9899.144556355637,57285.14622489476,9890.144556355637,,,,,,,True
2bhk_house_design_ground_floor_plan_op_1,2bhk_house_design_ground_floor_plan_op_1__211,LINE,WALLS GENERAL-ASAAS-0025-00-A,9.0,57255.14622489477,9890.144556355637,57255.14622489477,9899.144556355637,0.0,9.0,0.0,57255.14622489477,9894.644556355637,57255.14622489477,9899.144556355637,57255.14622489477,9890.144556355637,,,,,,,True
2bhk_house_design_ground_floor_plan_op_1,2bhk_house_design_ground_floor_plan_op_1__212,LINE,WINDOW-ASAAS-0025-00-A,29.999999999985448,57255.14622489477,9890.144556355637,57285.14622489476,9890.144556355637,29.999999999985448,0.0,,57270.146224894765,9890.144556355637,57285.14622489476,9890.144556355637,57255.14622489477,9890.144556355637,,,,,,,True
2bhk_house_design_ground_floor_plan_op_1,2bhk_house_design_ground_floor_plan_op_1__213,LINE,WALL MAIN-ASAAS-0025-00-A,9.000173284191987,57215.63150236069,9947.299245438073,57224.63167564488,9947.299245438073,9.000173284191987,0.0,,57220.13158900278,9947.299245438073,57224.63167564488,9947.299245438073,57215.63150236069,9947.299245438073,,,,,,,True
2bhk_house_design_ground_floor_plan_op_1,2bhk_house_design_ground_floor_plan_op_1__214,LINE,WALL MAIN-ASAAS-0025-00-A,9.000173284191987,57215.63150236069,9923.299245438073,57224.63167564488,9923.299245438073,9.000173284191987,0.0,,57220.13158900278,9923.299245438073,57224.63167564488,9923.299245438073,57215.63150236069,9923.299245438073,,,,,,,True
2bhk_house_design_ground_floor_plan_op_1,2bhk_house_design_ground_floor_plan_op_1__215,LINE,WINDOW-ASAAS-0025-00-A,24.0,57215.63150236069,9923.299245438073,57215.63150236069,9947.299245438073,0.0,24.0,0.0,57215.63150236069,9935.299245438073,57215.63150236069,9947.299245438073,57215.63150236069,9923.299245438073,,,,,,,True
2bhk_house_design_ground_floor_plan_op_1,2bhk_house_design_ground_floor_plan_op_1__216,LINE,WINDOW-ASAAS-0025-00-A,24.0,57224.63150236069,9923.299245438073,57224.63150236069,9947.299245438073,0.0,24.0,0.0,57224.63150236069,9935.299245438073,57224.63150236069,9947.299245438073,57224.63150236069,9923.299245438073,,,,,,,True
2bhk_house_design_ground_floor_plan_op_1,2bhk_house_design_ground_floor_plan_op_1__217,LINE,WINDOW-ASAAS-0025-00-A,24.0,57220.92278418657,9923.299245438073,57220.92278418657,9947.299245438073,0.0,24.0,0.0,57220.92278418657,9935.299245438073,57220.92278418657,9947.299245438073,57220.92278418657,9923.299245438073,,,,,,,True
2bhk_house_design_ground_floor_plan_op_1,2bhk_house_design_ground_floor_plan_op_1__218,LINE,WINDOW-ASAAS-0025-00-A,24.0,57219.52278418657,9923.299245438073,57219.52278418657,9947.299245438073,0.0,24.0,0.0,57219.52278418657,9935.299245438073,57219.52278418657,9923.299245438073,57219.52278418657,9947.299245438073,,,,,,,True
2bhk_house_design_ground_floor_plan_op_1,2bhk_house_design_ground_floor_plan_op_1__219,LINE,WALL MAIN-ASAAS-0025-00-A,9.000173284190168,56916.70946173825,9664.894556355637,56916.70946173825,9673.894729639827,0.0,9.000173284190168,0.0,56916.70946173825,9669.394642997733,56916.70946173825,9673.894729639827,56916.70946173825,9664.894556355637,,,,,,,True
2bhk_house_design_ground_floor_plan_op_1,2bhk_house_design_ground_floor_plan_op_1__220,LINE,WALL MAIN-ASAAS-0025-00-A,9.000173284190168,56934.70946173825,9664.894556355637,56934.70946173825,9673.894729639827,0.0,9.000173284190168,0.0,56934.70946173825,9669.394642997733,56934.70946173825,9673.894729639827,56934.70946173825,9664.894556355637,,,,,,,True
2bhk_house_design_ground_floor_plan_op_1,2bhk_house_design_ground_floor_plan_op_1__221,LINE,WINDOW-ASAAS-0025-00-A,18.0,56916.70946173825,9664.894556355637,56934.70946173825,9664.89455635564,18.0,3.637978807091713e-12,,56925.70946173825,9664.894556355639,56916.70946173825,9664.894556355637,56934.70946173825,9664.89455635564,,,,,,,True
2bhk_house_design_ground_floor_plan_op_1,2bhk_house_design_ground_floor_plan_op_1__222,LINE,WINDOW-ASAAS-0025-00-A,18.0,56916.70946173825,9673.894556355637,56934.70946173825,9673.894556355637,18.0,0.0,,56925.70946173825,9673.894556355637,56916.70946173825,9673.894556355637,56934.70946173825,9673.894556355637,,,,,,,True
2bhk_house_design_ground_floor_plan_op_1,2bhk_house_design_ground_floor_plan_op_1__223,LINE,WINDOW-ASAAS-0025-00-A,18.0,56916.70946173825,9670.185838181518,56934.70946173825,9670.185838181518,18.0,0.0,,56925.70946173825,9670.185838181518,56916.70946173825,9670.185838181518,56934.70946173825,9670.185838181518,,,,,,,True
2bhk_house_design_ground_floor_plan_op_1,2bhk_house_design_ground_floor_plan_op_1__224,LINE,WINDOW-ASAAS-0025-00-A,18.0,56916.70946173825,9668.785838181517,56934.70946173825,9668.785838181517,18.0,0.0,,56925.70946173825,9668.785838181517,56934.70946173825,9668.785838181517,56916.70946173825,9668.785838181517,,,,,,,True
2bhk_house_design_ground_floor_plan_op_1,2bhk_house_design_ground_floor_plan_op_1__225,LINE,WALLS GENERAL-ASAAS-0025-00-A,4.499999999992724,56949.12831149992,9681.519556355637,56953.62831149991,9681.519556355637,4.499999999992724,0.0,,56951.37831149991,9681.519556355637,56949.12831149992,9681.519556355637,56953.62831149991,9681.519556355637,,,,,,,True
2bhk_house_design_ground_floor_plan_op_1,2bhk_house_design_ground_floor_plan_op_1__226,LINE,WALLS GENERAL-ASAAS-0025-00-A,4.499999999985448,56949.12831149992,9729.519556355637,56953.6283114999,9729.519556355637,4.499999999985448,0.0,,56951.37831149991,9729.519556355637,56949.12831149992,9729.519556355637,56953.6283114999,9729.519556355637,,,,,,,True
2bhk_house_design_ground_floor_plan_op_1,2bhk_house_design_ground_floor_plan_op_1__227,LINE,WINDOW-ASAAS-0025-00-A,48.0,56953.62831149991,9681.519556355637,56953.62831149991,9729.519556355637,0.0,48.0,0.0,56953.62831149991,9705.519556355637,56953.62831149991,9681.519556355637,56953.62831149991,9729.519556355637,,,,,,,True
2bhk_house_design_ground_floor_plan_op_1,2bhk_house_design_ground_floor_plan_op_1__228,LINE,WINDOW-ASAAS-0025-00-A,48.0,56951.62831149991,9681.519556355637,56951.62831149991,9729.519556355637,0.0,48.0,0.0,56951.62831149991,9705.519556355637,56951.62831149991,9681.519556355637,56951.62831149991,9729.519556355637,,,,,,,True
2bhk_house_design_ground_floor_plan_op_1,2bhk_house_design_ground_floor_plan_op_1__229,LINE,WINDOW-ASAAS-0025-00-A,47.99999999999818,56949.1283114999,9681.519556355637,56949.12831149991,9729.519556355635,7.275957614183426e-12,47.99999999999818,1.5158245029549379e-13,56949.12831149991,9705.519556355637,56949.1283114999,9729.519556355635,56949.12831149991,9681.519556355637,,,,,,,True
2bhk_house_design_ground_floor_plan_op_1,2bhk_house_design_ground_floor_plan_op_1__230,LINE,WINDOW-ASAAS-0025-00-A,47.99999999999818,56951.1283114999,9681.519556355637,56951.12831149991,9729.519556355635,7.275957614183426e-12,47.99999999999818,1.5158245029549379e-13,56951.12831149991,9705.519556355637,56951.1283114999,9729.519556355635,56951.12831149991,9681.519556355637,,,,,,,True
2bhk_house_design_ground_floor_plan_op_1,2bhk_house_design_ground_floor_plan_op_1__231,LINE,DOORS-ASAAS-0025,36.0,57052.6283114999,9697.144556355637,57052.6283114999,9733.144556355637,0.0,36.0,0.0,57052.6283114999,9715.144556355637,57052.6283114999,9697.144556355637,57052.6283114999,9733.144556355637,,,,,,,True
2bhk_house_design_ground_floor_plan_op_1,2bhk_house_design_ground_floor_plan_op_1__232,LINE,DOORS-ASAAS-0025,30.0,57196.6283114999,9704.144556355637,57196.6283114999,9734.144556355637,0.0,30.0,0.0,57196.6283114999,9719.144556355637,57196.6283114999,9704.144556355637,57196.6283114999,9734.144556355637,,,,,,,True
2bhk_house_design_ground_floor_plan_op_1,2bhk_house_design_ground_floor_plan_op_1__233,INSERT,DOORS-ASAAS-0025,,57052.62831149988,9737.144556355639,57097.628311499895,9777.677647756927,45.00000000001455,40.5330914012884,1.110203994916217,57075.12831149989,9757.411102056283,,,,,,,,,,,False
2bhk_house_design_ground_floor_plan_op_1,2bhk_house_design_ground_floor_plan_op_1__234,INSERT,DOORS-ASAAS-0025,,57111.1283114999,9737.144556355637,57156.12831149991,9777.677647756918,45.000000000007276,40.533091401281126,1.1102039949162368,57133.62831149991,9757.411102056278,,,,,,,,,,,False
2bhk_house_design_ground_floor_plan_op_1,2bhk_house_design_ground_floor_plan_op_1__235,INSERT,DOORS-ASAAS-0025,,57020.20183837887,9697.144556355637,57052.6283114999,9733.144556355639,32.42647312103509,36.00000000000182,0.9007353644731514,57036.41507493939,9715.144556355637,,,,,,,,,,,False
2bhk_house_design_ground_floor_plan_op_1,2bhk_house_design_ground_floor_plan_op_1__236,INSERT,DOORS-ASAAS-0025,,57196.6283114999,9704.14455635564,57223.65037243409,9734.14455635564,27.022060934184992,30.0,0.9007353644728331,57210.13934196699,9719.14455635564,,,,,,,,,,,False
2bhk_house_design_ground_floor_plan_op_1,2bhk_house_design_ground_floor_plan_op_1__237,INSERT,DOORS-ASAAS-0025,,57020.201838378896,9567.39455635564,57052.62831149992,9603.394556355643,32.426473121020535,36.00000000000182,0.9007353644727472,57036.4150749394,9585.39455635564,,,,,,,,,,,False
2bhk_house_design_ground_floor_plan_op_1,2bhk_house_design_ground_floor_plan_op_1__238,INSERT,DOORS-ASAAS-0025,,57255.146224894765,9890.144556355639,57285.146224894765,9917.166617289822,30.0,27.022060934183173,1.1102039949162317,57270.146224894765,9903.65558682273,,,,,,,,,,,False
2bhk_house_design_ground_floor_plan_op_1,2bhk_house_design_ground_floor_plan_op_1__239,INSERT,DOORS-ASAAS-0025,,57111.54171505188,9872.122495421323,57141.54171505188,9899.144556355504,30.0,27.022060934181354,1.1102039949163065,57126.54171505188,9885.633525888414,,,,,,,,,,,False
2bhk_house_design_ground_floor_plan_op_1,2bhk_house_design_ground_floor_plan_op_1__240,INSERT,DOORS-ASAAS-0025,,57033.86713172248,9454.95089597795,57069.86713172248,9487.377369098971,36.0,32.426473121020535,1.1102039949162068,57051.86713172248,9471.16413253846,,,,,,,,,,,False
2bhk_house_design_ground_floor_plan_op_1,2bhk_house_design_ground_floor_plan_op_1__241,LINE,DOORS-ASAAS-0025,16.39822673224258,57254.46861571183,9440.469270575883,57262.16175328211,9454.950895977981,7.693137570284307,14.48162540209887,0.5312343992249181,57258.31518449697,9447.710083276932,57254.46861571183,9454.950895977981,57262.16175328211,9440.469270575883,,,,,,,True
2bhk_house_design_ground_floor_plan_op_1,2bhk_house_design_ground_floor_plan_op_1__242,LINE,DOORS-ASAAS-0025,43.767871870443415,57259.93156600834,9444.667393432805,57302.47420560053,9454.95089597798,42.542639592189516,10.283502545174997,4.136979536427543,57281.202885804436,9449.809144705392,57302.47420560053,9454.95089597798,57259.93156600834,9444.667393432805,,,,,,,True
2bhk_house_design_ground_floor_plan_op_1,2bhk_house_design_ground_floor_plan_op_1__243,LINE,DOORS-ASAAS-0025,16.39822673223937,57246.77547814154,9440.469270575886,57254.46861571183,9454.950895977981,7.693137570284307,14.481625402095233,0.5312343992250516,57250.622046926685,9447.710083276934,57254.46861571183,9454.950895977981,57246.77547814154,9440.469270575886,,,,,,,True
2bhk_house_design_ground_floor_plan_op_1,2bhk_house_design_ground_floor_plan_op_1__244,LINE,DOORS-ASAAS-0025,43.767871870436764,57206.46302582312,9444.667393432806,57249.0056654153,9454.950895977983,42.54263959218224,10.283502545176816,4.136979536426104,57227.73434561921,9449.809144705396,57206.46302582312,9454.950895977983,57249.0056654153,9444.667393432806,,,,,,,True
2bhk_house_design_ground_floor_plan_op_1,2bhk_house_design_ground_floor_plan_op_1__245,INSERT,DOORS-ASAAS-0025,,57178.606250565725,9641.144556355635,57205.62831149991,9671.144556355634,27.022060934184992,29.99999999999818,0.9007353644728877,57192.11728103281,9656.144556355634,,,,,,,,,,,False
2bhk_house_design_ground_floor_plan_op_1,2bhk_house_design_ground_floor_plan_op_1__246,LINE,DOORS-ASAAS-0025,59.99999999999636,57205.6283114999,9611.144556355637,57205.62831149992,9671.144556355634,1.4551915228366852e-11,59.99999999999636,2.4253192047279555e-13,57205.62831149991,9641.144556355635,57205.6283114999,9671.144556355634,57205.62831149992,9611.144556355637,,,,,,,True
2bhk_house_design_ground_floor_plan_op_1,2bhk_house_design_ground_floor_plan_op_1__247,INSERT,DOORS-ASAAS-0025,,57178.606250565725,9611.144556355639,57205.62831149991,9641.144556355639,27.022060934184992,30.0,0.9007353644728331,57192.11728103281,9626.144556355639,,,,,,,,,,,False
2bhk_house_design_ground_floor_plan_op_1,2bhk_house_design_ground_floor_plan_op_1__248,DIMENSION,DIM-ASAAS-0025-00-A,,56890.05995711329,9886.935996554535,57293.17452037125,10025.923051419917,403.11456325795734,138.98705486538165,2.9003748849013387,57091.61723874227,9956.429523987226,,,,,,,,,,,False
2bhk_house_design_ground_floor_plan_op_1,2bhk_house_design_ground_floor_plan_op_1__249,DIMENSION,DIM-ASAAS-0025-00-A,,57293.17452037125,9453.194688555692,57333.58721629136,10003.574860066763,40.4126959201094,550.3801715110712,0.0734268747530569,57313.380868331304,9728.384774311227,,,,,,,,,,,False
2bhk_house_design_ground_floor_plan_op_1,2bhk_house_design_ground_floor_plan_op_1__250,DIMENSION,DIM-ASAAS-0025-00-A,,56892.09653806177,9432.220168219514,57317.08431302767,9454.950895977978,424.987774965899,22.730727758464127,18.696619812695985,57104.590425544724,9443.585532098747,,,,,,,,,,,False
2bhk_house_design_ground_floor_plan_op_1,2bhk_house_design_ground_floor_plan_op_1__251,LINE,D,5.503683428963852,57130.27662239721,9486.450895978001,57134.97034360062,9489.324832746775,4.69372120340995,2.8739367687740014,1.6332026697345379,57132.62348299891,9487.887864362388,57130.27662239721,9486.450895978001,57134.97034360062,9489.324832746775,,,,,,,True
2bhk_house_design_ground_floor_plan_op_1,2bhk_house_design_ground_floor_plan_op_1__252,LINE,D,8.79875901791716,57130.27662239721,9486.450895978001,57134.88474213333,9493.94645417956,4.608119736119988,7.495558201559106,0.6147800620321354,57132.58068226527,9490.19867507878,57134.88474213333,9493.94645417956,57130.27662239721,9486.450895978001,,,,,,,True
2bhk_house_design_ground_floor_plan_op_1,2bhk_house_design_ground_floor_plan_op_1__253,LINE,D,4.622414118096824,57134.88474213333,9489.324832746775,57134.97034360062,9493.94645417956,0.08560146728996187,4.621621432785105,0.01852195566748882,57134.92754286697,9491.635643463167,57134.97034360062,9489.324832746775,57134.88474213333,9493.94645417956,,,,,,,True
2bhk_house_design_ground_floor_plan_op_1,2bhk_house_design_ground_floor_plan_op_1__254,LINE,D,5.5036834289729955,57130.27662239721,9483.752744577672,57135.07354957068,9486.45089597793,4.796927173476433,2.6981514002582117,1.7778569330903262,57132.675085983945,9485.101820277801,57130.27662239721,9486.45089597793,57135.07354957068,9483.752744577672,,,,,,,True
2bhk_house_design_ground_floor_plan_op_1,2bhk_house_design_ground_floor_plan_op_1__255,LINE,D,8.798759017914639,57130.27662239721,9479.131123144887,57135.15915103798,9486.45089597793,4.882528640773671,7.3197728330433165,0.6670328099162716,57132.7178867176,9482.79100956141,57135.15915103798,9479.131123144887,57130.27662239721,9486.45089597793,,,,,,,True
2bhk_house_design_ground_floor_plan_op_1,2bhk_house_design_ground_floor_plan_op_1__256,LINE,D,4.622414118096959,57135.07354957068,9479.131123144887,57135.15915103798,9483.752744577672,0.08560146729723783,4.621621432785105,0.018521955669063152,57135.116350304335,9481.441933861279,57135.07354957068,9483.752744577672,57135.15915103798,9479.131123144887,,,,,,,True
2bhk_house_design_ground_floor_plan_op_1,2bhk_house_design_ground_floor_plan_op_1__257,LINE,D,70.39973236175865,57130.27662239714,9486.450895977969,57200.6763547589,9486.450895978003,70.39973236175865,3.456079866737127e-11,,57165.47648857802,9486.450895977985,57200.6763547589,9486.450895978003,57130.27662239714,9486.450895977969,,,,,,,True
2bhk_house_design_ground_floor_plan_op_1,2bhk_house_design_ground_floor_plan_op_1__258,TEXT,Text size,,57193.21889418702,9486.518018758576,57204.75271870142,9495.515339589118,11.533824514401203,8.997320830541867,1.2819176654509246,57198.98580644422,9491.016679173847,,,,,,,,,,UP,False
2bhk_house_design_ground_floor_plan_op_1,2bhk_house_design_ground_floor_plan_op_1__259,LINE,Compound Wall-ASAAS-0025,67.59153986768797,57124.33960998886,9507.142791157432,57191.93114985655,9507.142791157432,67.59153986768797,0.0,,57158.13537992271,9507.142791157432,57191.93114985655,9507.142791157432,57124.33960998886,9507.142791157432,,,,,,,True
2bhk_house_design_ground_floor_plan_op_1,2bhk_house_design_ground_floor_plan_op_1__260,ARC,Compound Wall-ASAAS-0025,1.5707963267948966,57191.93114985655,9506.142791157432,57192.43114985655,9507.142791157432,0.5,1.0,0.5,57192.18114985655,9506.642791157432,,,,,0.5,270.0,90.0,,,,True
2bhk_house_design_ground_floor_plan_op_1,2bhk_house_design_ground_floor_plan_op_1__261,LINE,Compound Wall-ASAAS-0025,4.067190091045632,57124.33960998886,9507.142791157432,57124.33960998886,9511.209981248478,0.0,4.067190091045632,0.0,57124.33960998886,9509.176386202955,57124.33960998886,9507.142791157432,57124.33960998886,9511.209981248478,,,,,,,True
2bhk_house_design_ground_floor_plan_op_1,2bhk_house_design_ground_floor_plan_op_1__262,LINE,Compound Wall-ASAAS-0025,67.59153986767342,57124.33960998886,9511.209981248445,57191.93114985654,9511.209981248478,67.59153986767342,3.2741809263825417e-11,,57158.1353799227,9511.209981248461,57124.33960998886,9511.209981248478,57191.93114985654,9511.209981248445,,,,,,,True
2bhk_house_design_ground_floor_plan_op_1,2bhk_house_design_ground_floor_plan_op_1__263,ARC,Compound Wall-ASAAS-0025,1.5707963267941467,57191.93114985654,9511.209981248445,57192.43114985654,9512.209981248445,0.5,1.0,0.5,57192.18114985654,9511.709981248445,,,,,0.4999999999997613,270.0,90.0,,,,True
2bhk_house_design_ground_floor_plan_op_1,2bhk_house_design_ground_floor_plan_op_1__264,LINE,Compound Wall-ASAAS-0025,68.59153986768797,57123.33960998886,9506.142791157432,57191.93114985655,9506.142791157432,68.59153986768797,0.0,,57157.63537992271,9506.142791157432,57191.93114985655,9506.142791157432,57123.33960998886,9506.142791157432,,,,,,,True
2bhk_house_design_ground_floor_plan_op_1,2bhk_house_design_ground_floor_plan_op_1__265,LINE,Compound Wall-ASAAS-0025,6.067190091045632,57123.33960998886,9506.142791157432,57123.33960998886,9512.209981248478,0.0,6.067190091045632,0.0,57123.33960998886,9509.176386202955,57123.33960998886,9506.142791157432,57123.33960998886,9512.209981248478,,,,,,,True
2bhk_house_design_ground_floor_plan_op_1,2bhk_house_design_ground_floor_plan_op_1__266,LINE,Compound Wall-ASAAS-0025,68.59153986767342,57123.33960998886,9512.209981248445,57191.93114985654,9512.209981248478,68.59153986767342,3.2741809263825417e-11,,57157.6353799227,9512.209981248461,57123.33960998886,9512.209981248478,57191.93114985654,9512.209981248445,,,,,,,True
2bhk_house_design_ground_floor_plan_op_1,2bhk_house_design_ground_floor_plan_op_1__267,DIMENSION,DIM-ASAAS-0025-00-A,,56863.27050702295,9452.450895977978,56898.1844176388,9889.435996554537,34.91391061584727,436.9851005765595,0.07989725638192641,56880.72746233088,9670.943446266258,,,,,,,,,,,False
2bhk_house_design_ground_floor_plan_op_1,2bhk_house_design_ground_floor_plan_op_1__268,LINE,WINDOW-ASAAS-0025-00-A,76.595894100632,57105.86713172249,9454.950895977978,57182.46302582312,9454.950895977981,76.595894100632,3.637978807091713e-12,,57144.1650787728,9454.95089597798,57105.86713172249,9454.950895977978,57182.46302582312,9454.950895977981,,,,,,,True
2bhk_house_design_ground_floor_plan_op_1,2bhk_house_design_ground_floor_plan_op_1__269,LINE,WINDOW-ASAAS-0025-00-A,76.595894100632,57105.86713172249,9463.95089597798,57182.46302582312,9463.95089597798,76.595894100632,0.0,,57144.1650787728,9463.95089597798,57105.86713172249,9463.95089597798,57182.46302582312,9463.95089597798,,,,,,,True
2bhk_house_design_ground_floor_plan_op_1,2bhk_house_design_ground_floor_plan_op_1__270,LINE,WINDOW-ASAAS-0025-00-A,76.595894100632,57105.86713172249,9460.242177803859,57182.46302582312,9460.242177803859,76.595894100632,0.0,,57144.1650787728,9460.242177803859,57105.86713172249,9460.242177803859,57182.46302582312,9460.242177803859,,,,,,,True
2bhk_house_design_ground_floor_plan_op_1,2bhk_house_design_ground_floor_plan_op_1__271,LINE,WINDOW-ASAAS-0025-00-A,76.595894100632,57105.86713172249,9458.842177803857,57182.46302582312,9458.842177803857,76.595894100632,0.0,,57144.1650787728,9458.842177803857,57182.46302582312,9458.842177803857,57105.86713172249,9458.842177803857,,,,,,,True
2bhk_house_design_ground_floor_plan_op_1,2bhk_house_design_ground_floor_plan_op_1__272,LINE,DOORS-ASAAS-0025,27.0,56922.1283114999,9607.894556355637,56949.1283114999,9607.894556355637,27.0,0.0,,56935.6283114999,9607.894556355637,56922.1283114999,9607.894556355637,56949.1283114999,9607.894556355637,,,,,,,True
2bhk_house_design_ground_floor_plan_op_1,2bhk_house_design_ground_floor_plan_op_1__273,INSERT,DOORS-ASAAS-0025,,56922.1283114999,9607.894556355637,56949.1283114999,9632.214411196404,27.0,24.31985484076722,1.1102039949161238,56935.6283114999,9620.05448377602,,,,,,,,,,,False
2bhk_house_design_ground_floor_plan_op_1,2bhk_house_design_ground_floor_plan_op_1__274,LINE,Compound Wall-ASAAS-0025,124.42948271669593,56973.19882878321,9899.144556355637,57097.6283114999,9899.144556355637,124.42948271669593,0.0,,57035.41357014155,9899.144556355637,57097.6283114999,9899.144556355637,56973.19882878321,9899.144556355637,,,,,,,True
